cycle_id,axis,cycle_start,cycle_end,peak_torque_pct,related_error_code,status,notes
1,1,2025-11-17 09:00:00+00:00,2025-11-17 09:00:44+00:00,110.8,,valid,
1,2,2025-11-17 09:00:00+00:00,2025-11-17 09:00:44+00:00,55.34,,valid,
1,3,2025-11-17 09:00:00+00:00,2025-11-17 09:00:44+00:00,76.78,,valid,
1,4,2025-11-17 09:00:00+00:00,2025-11-17 09:00:44+00:00,56.77,,valid,
1,5,2025-11-17 09:00:00+00:00,2025-11-17 09:00:44+00:00,77.29,,valid,
1,6,2025-11-17 09:00:00+00:00,2025-11-17 09:00:44+00:00,61.99,,valid,
2,1,2025-11-17 09:01:02+00:00,2025-11-17 09:01:33+00:00,47.85,,valid,
2,2,2025-11-17 09:01:02+00:00,2025-11-17 09:01:33+00:00,64.93,,valid,
2,3,2025-11-17 09:01:02+00:00,2025-11-17 09:01:33+00:00,57.5,,valid,
2,4,2025-11-17 09:01:02+00:00,2025-11-17 09:01:33+00:00,61.32,,valid,
2,5,2025-11-17 09:01:02+00:00,2025-11-17 09:01:33+00:00,70.11,,valid,
2,6,2025-11-17 09:01:02+00:00,2025-11-17 09:01:33+00:00,61.64,,valid,
3,1,2025-11-17 09:01:39+00:00,2025-11-17 09:02:40+00:00,34.76,,valid,
3,2,2025-11-17 09:01:39+00:00,2025-11-17 09:02:40+00:00,62.14,,valid,
3,3,2025-11-17 09:01:39+00:00,2025-11-17 09:02:40+00:00,55.78,,valid,
3,4,2025-11-17 09:01:39+00:00,2025-11-17 09:02:40+00:00,72.06,,valid,
3,5,2025-11-17 09:01:39+00:00,2025-11-17 09:02:40+00:00,81.18,,valid,
3,6,2025-11-17 09:01:39+00:00,2025-11-17 09:02:40+00:00,86.99,,valid,
4,1,2025-11-17 09:02:57+00:00,2025-11-17 09:04:02+00:00,33.79,,valid,
4,2,2025-11-17 09:02:57+00:00,2025-11-17 09:04:02+00:00,48.02,,valid,
4,3,2025-11-17 09:02:57+00:00,2025-11-17 09:04:02+00:00,65.38,,valid,
4,4,2025-11-17 09:02:57+00:00,2025-11-17 09:04:02+00:00,111.0,SRVO-050,valid,
4,5,2025-11-17 09:02:57+00:00,2025-11-17 09:04:02+00:00,85.39,,valid,
4,6,2025-11-17 09:02:57+00:00,2025-11-17 09:04:02+00:00,90.72,SRVO-324,valid,
5,1,2025-11-17 09:04:15+00:00,2025-11-17 09:04:55+00:00,47.18,,valid,
5,2,2025-11-17 09:04:15+00:00,2025-11-17 09:04:55+00:00,67.31,,valid,
5,3,2025-11-17 09:04:15+00:00,2025-11-17 09:04:55+00:00,50.51,,valid,
5,4,2025-11-17 09:04:15+00:00,2025-11-17 09:04:55+00:00,55.93,,valid,
5,5,2025-11-17 09:04:15+00:00,2025-11-17 09:04:55+00:00,46.5,,valid,
5,6,2025-11-17 09:04:15+00:00,2025-11-17 09:04:55+00:00,91.73,SRVO-050,valid,
6,1,2025-11-17 09:05:09+00:00,2025-11-17 09:06:13+00:00,41.36,,valid,
6,2,2025-11-17 09:05:09+00:00,2025-11-17 09:06:13+00:00,53.73,,valid,
6,3,2025-11-17 09:05:09+00:00,2025-11-17 09:06:13+00:00,101.89,SRVO-324,valid,
6,4,2025-11-17 09:05:09+00:00,2025-11-17 09:06:13+00:00,71.95,,valid,
6,5,2025-11-17 09:05:09+00:00,2025-11-17 09:06:13+00:00,115.44,SRVO-050,valid,
6,6,2025-11-17 09:05:09+00:00,2025-11-17 09:06:13+00:00,70.44,,valid,
7,1,2025-11-17 09:06:21+00:00,2025-11-17 09:07:39+00:00,41.63,,valid,
7,2,2025-11-17 09:06:21+00:00,2025-11-17 09:07:39+00:00,33.93,,valid,
7,3,2025-11-17 09:06:21+00:00,2025-11-17 09:07:39+00:00,45.76,,valid,
7,4,2025-11-17 09:06:21+00:00,2025-11-17 09:07:39+00:00,66.79,,valid,
7,5,2025-11-17 09:06:21+00:00,2025-11-17 09:07:39+00:00,50.35,,valid,
7,6,2025-11-17 09:06:21+00:00,2025-11-17 09:07:39+00:00,60.19,,valid,
8,1,2025-11-17 09:07:52+00:00,2025-11-17 09:09:12+00:00,49.98,,valid,
8,2,2025-11-17 09:07:52+00:00,2025-11-17 09:09:12+00:00,49.56,,valid,
8,3,2025-11-17 09:07:52+00:00,2025-11-17 09:09:12+00:00,79.92,,valid,
8,4,2025-11-17 09:07:52+00:00,2025-11-17 09:09:12+00:00,83.34,,valid,
8,5,2025-11-17 09:07:52+00:00,2025-11-17 09:09:12+00:00,61.32,,valid,
8,6,2025-11-17 09:07:52+00:00,2025-11-17 09:09:12+00:00,80.57,,valid,
9,1,2025-11-17 09:09:17+00:00,2025-11-17 09:10:45+00:00,57.49,,valid,
9,2,2025-11-17 09:09:17+00:00,2025-11-17 09:10:45+00:00,49.03,,valid,
9,3,2025-11-17 09:09:17+00:00,2025-11-17 09:10:45+00:00,45.04,,valid,
9,4,2025-11-17 09:09:17+00:00,2025-11-17 09:10:45+00:00,64.88,,valid,
9,5,2025-11-17 09:09:17+00:00,2025-11-17 09:10:45+00:00,100.03,SRVO-324,valid,
9,6,2025-11-17 09:09:17+00:00,2025-11-17 09:10:45+00:00,70.64,,valid,
10,1,2025-11-17 09:10:56+00:00,2025-11-17 09:11:56+00:00,52.93,,valid,
10,2,2025-11-17 09:10:56+00:00,2025-11-17 09:11:56+00:00,73.26,,valid,
10,3,2025-11-17 09:10:56+00:00,2025-11-17 09:11:56+00:00,55.15,,valid,
10,4,2025-11-17 09:10:56+00:00,2025-11-17 09:11:56+00:00,69.62,,valid,
10,5,2025-11-17 09:10:56+00:00,2025-11-17 09:11:56+00:00,53.72,,valid,
10,6,2025-11-17 09:10:56+00:00,2025-11-17 09:11:56+00:00,85.6,,valid,
11,1,2025-11-17 09:12:04+00:00,2025-11-17 09:13:25+00:00,32.78,,valid,
11,2,2025-11-17 09:12:04+00:00,2025-11-17 09:13:25+00:00,62.98,,valid,
11,3,2025-11-17 09:12:04+00:00,2025-11-17 09:13:25+00:00,59.19,,valid,
11,4,2025-11-17 09:12:04+00:00,2025-11-17 09:13:25+00:00,63.79,,valid,
11,5,2025-11-17 09:12:04+00:00,2025-11-17 09:13:25+00:00,67.0,,valid,
11,6,2025-11-17 09:12:04+00:00,2025-11-17 09:13:25+00:00,61.99,,valid,
12,1,2025-11-17 09:13:32+00:00,2025-11-17 09:14:49+00:00,37.52,,valid,
12,2,2025-11-17 09:13:32+00:00,2025-11-17 09:14:49+00:00,63.37,,valid,
12,3,2025-11-17 09:13:32+00:00,2025-11-17 09:14:49+00:00,60.12,,valid,
12,4,2025-11-17 09:13:32+00:00,2025-11-17 09:14:49+00:00,61.92,,valid,
12,5,2025-11-17 09:13:32+00:00,2025-11-17 09:14:49+00:00,74.43,,valid,
12,6,2025-11-17 09:13:32+00:00,2025-11-17 09:14:49+00:00,76.01,,valid,
13,1,2025-11-17 09:15:05+00:00,2025-11-17 09:15:47+00:00,42.07,,valid,
13,2,2025-11-17 09:15:05+00:00,2025-11-17 09:15:47+00:00,115.07,SRVO-160,valid,
13,3,2025-11-17 09:15:05+00:00,2025-11-17 09:15:47+00:00,48.8,,valid,
13,4,2025-11-17 09:15:05+00:00,2025-11-17 09:15:47+00:00,57.45,,valid,
13,5,2025-11-17 09:15:05+00:00,2025-11-17 09:15:47+00:00,70.32,,valid,
13,6,2025-11-17 09:15:05+00:00,2025-11-17 09:15:47+00:00,57.74,,valid,
14,1,2025-11-17 09:16:05+00:00,2025-11-17 09:17:22+00:00,50.22,,valid,
14,2,2025-11-17 09:16:05+00:00,2025-11-17 09:17:22+00:00,71.94,,valid,
14,3,2025-11-17 09:16:05+00:00,2025-11-17 09:17:22+00:00,61.51,,valid,
14,4,2025-11-17 09:16:05+00:00,2025-11-17 09:17:22+00:00,62.07,,valid,
14,5,2025-11-17 09:16:05+00:00,2025-11-17 09:17:22+00:00,63.82,,valid,
14,6,2025-11-17 09:16:05+00:00,2025-11-17 09:17:22+00:00,83.99,,valid,
15,1,2025-11-17 09:17:30+00:00,2025-11-17 09:18:37+00:00,41.74,,valid,
15,2,2025-11-17 09:17:30+00:00,2025-11-17 09:18:37+00:00,73.46,,valid,
15,3,2025-11-17 09:17:30+00:00,2025-11-17 09:18:37+00:00,79.33,,valid,
15,4,2025-11-17 09:17:30+00:00,2025-11-17 09:18:37+00:00,67.57,,valid,
15,5,2025-11-17 09:17:30+00:00,2025-11-17 09:18:37+00:00,69.88,,valid,
15,6,2025-11-17 09:17:30+00:00,2025-11-17 09:18:37+00:00,85.31,,valid,
16,1,2025-11-17 09:18:43+00:00,2025-11-17 09:20:03+00:00,60.95,,valid,
16,2,2025-11-17 09:18:43+00:00,2025-11-17 09:20:03+00:00,46.94,,valid,
16,3,2025-11-17 09:18:43+00:00,2025-11-17 09:20:03+00:00,54.73,,valid,
16,4,2025-11-17 09:18:43+00:00,2025-11-17 09:20:03+00:00,51.78,,valid,
16,5,2025-11-17 09:18:43+00:00,2025-11-17 09:20:03+00:00,74.09,,valid,
16,6,2025-11-17 09:18:43+00:00,2025-11-17 09:20:03+00:00,81.67,,valid,
17,1,2025-11-17 09:20:09+00:00,2025-11-17 09:21:39+00:00,36.5,,valid,
17,2,2025-11-17 09:20:09+00:00,2025-11-17 09:21:39+00:00,50.45,,valid,
17,3,2025-11-17 09:20:09+00:00,2025-11-17 09:21:39+00:00,46.53,,valid,
17,4,2025-11-17 09:20:09+00:00,2025-11-17 09:21:39+00:00,56.01,,valid,
17,5,2025-11-17 09:20:09+00:00,2025-11-17 09:21:39+00:00,75.51,,valid,
17,6,2025-11-17 09:20:09+00:00,2025-11-17 09:21:39+00:00,67.67,,valid,
18,1,2025-11-17 09:21:54+00:00,2025-11-17 09:23:18+00:00,46.99,,valid,
18,2,2025-11-17 09:21:54+00:00,2025-11-17 09:23:18+00:00,108.51,SRVO-050,valid,
18,3,2025-11-17 09:21:54+00:00,2025-11-17 09:23:18+00:00,59.53,,valid,
18,4,2025-11-17 09:21:54+00:00,2025-11-17 09:23:18+00:00,67.1,,valid,
18,5,2025-11-17 09:21:54+00:00,2025-11-17 09:23:18+00:00,109.66,SRVO-324,valid,
18,6,2025-11-17 09:21:54+00:00,2025-11-17 09:23:18+00:00,90.45,,valid,
19,1,2025-11-17 09:23:26+00:00,2025-11-17 09:24:19+00:00,43.67,,valid,
19,2,2025-11-17 09:23:26+00:00,2025-11-17 09:24:19+00:00,54.03,,valid,
19,3,2025-11-17 09:23:26+00:00,2025-11-17 09:24:19+00:00,70.11,,valid,
19,4,2025-11-17 09:23:26+00:00,2025-11-17 09:24:19+00:00,100.29,SRVO-160,valid,
19,5,2025-11-17 09:23:26+00:00,2025-11-17 09:24:19+00:00,57.56,,valid,
19,6,2025-11-17 09:23:26+00:00,2025-11-17 09:24:19+00:00,79.5,,valid,
20,1,2025-11-17 09:24:31+00:00,2025-11-17 09:25:04+00:00,42.92,,valid,
20,2,2025-11-17 09:24:31+00:00,2025-11-17 09:25:04+00:00,49.61,,valid,
20,3,2025-11-17 09:24:31+00:00,2025-11-17 09:25:04+00:00,52.8,,valid,
20,4,2025-11-17 09:24:31+00:00,2025-11-17 09:25:04+00:00,53.74,,valid,
20,5,2025-11-17 09:24:31+00:00,2025-11-17 09:25:04+00:00,69.59,,valid,
20,6,2025-11-17 09:24:31+00:00,2025-11-17 09:25:04+00:00,60.25,,valid,
21,1,2025-11-17 09:25:18+00:00,2025-11-17 09:26:46+00:00,59.47,,valid,
21,2,2025-11-17 09:25:18+00:00,2025-11-17 09:26:46+00:00,55.55,,valid,
21,3,2025-11-17 09:25:18+00:00,2025-11-17 09:26:46+00:00,64.22,,valid,
21,4,2025-11-17 09:25:18+00:00,2025-11-17 09:26:46+00:00,60.34,,valid,
21,5,2025-11-17 09:25:18+00:00,2025-11-17 09:26:46+00:00,108.95,,valid,
21,6,2025-11-17 09:25:18+00:00,2025-11-17 09:26:46+00:00,77.88,,valid,
22,1,2025-11-17 09:26:59+00:00,2025-11-17 09:28:16+00:00,104.21,SRVO-160,valid,
22,2,2025-11-17 09:26:59+00:00,2025-11-17 09:28:16+00:00,114.47,SRVO-050,valid,
22,3,2025-11-17 09:26:59+00:00,2025-11-17 09:28:16+00:00,65.93,,valid,
22,4,2025-11-17 09:26:59+00:00,2025-11-17 09:28:16+00:00,63.83,,valid,
22,5,2025-11-17 09:26:59+00:00,2025-11-17 09:28:16+00:00,77.33,,valid,
22,6,2025-11-17 09:26:59+00:00,2025-11-17 09:28:16+00:00,67.76,,valid,
23,1,2025-11-17 09:28:28+00:00,2025-11-17 09:29:03+00:00,40.99,,valid,
23,2,2025-11-17 09:28:28+00:00,2025-11-17 09:29:03+00:00,50.93,,valid,
23,3,2025-11-17 09:28:28+00:00,2025-11-17 09:29:03+00:00,55.69,,valid,
23,4,2025-11-17 09:28:28+00:00,2025-11-17 09:29:03+00:00,73.06,,valid,
23,5,2025-11-17 09:28:28+00:00,2025-11-17 09:29:03+00:00,77.97,,valid,
23,6,2025-11-17 09:28:28+00:00,2025-11-17 09:29:03+00:00,94.05,,valid,
24,1,2025-11-17 09:29:12+00:00,2025-11-17 09:29:52+00:00,45.05,,valid,
24,2,2025-11-17 09:29:12+00:00,2025-11-17 09:29:52+00:00,21.52,,valid,
24,3,2025-11-17 09:29:12+00:00,2025-11-17 09:29:52+00:00,55.91,,valid,
24,4,2025-11-17 09:29:12+00:00,2025-11-17 09:29:52+00:00,67.31,,valid,
24,5,2025-11-17 09:29:12+00:00,2025-11-17 09:29:52+00:00,77.15,,valid,
24,6,2025-11-17 09:29:12+00:00,2025-11-17 09:29:52+00:00,78.04,,valid,
25,1,2025-11-17 09:30:05+00:00,2025-11-17 09:31:11+00:00,45.04,,valid,
25,2,2025-11-17 09:30:05+00:00,2025-11-17 09:31:11+00:00,72.14,,valid,
25,3,2025-11-17 09:30:05+00:00,2025-11-17 09:31:11+00:00,49.66,,valid,
25,4,2025-11-17 09:30:05+00:00,2025-11-17 09:31:11+00:00,62.25,,valid,
25,5,2025-11-17 09:30:05+00:00,2025-11-17 09:31:11+00:00,111.68,SRVO-160,valid,
25,6,2025-11-17 09:30:05+00:00,2025-11-17 09:31:11+00:00,75.2,,valid,
26,1,2025-11-17 09:31:25+00:00,2025-11-17 09:32:17+00:00,42.18,,valid,
26,2,2025-11-17 09:31:25+00:00,2025-11-17 09:32:17+00:00,63.53,,valid,
26,3,2025-11-17 09:31:25+00:00,2025-11-17 09:32:17+00:00,62.47,,valid,
26,4,2025-11-17 09:31:25+00:00,2025-11-17 09:32:17+00:00,64.9,,valid,
26,5,2025-11-17 09:31:25+00:00,2025-11-17 09:32:17+00:00,78.79,,valid,
26,6,2025-11-17 09:31:25+00:00,2025-11-17 09:32:17+00:00,79.81,,valid,
27,1,2025-11-17 09:32:25+00:00,2025-11-17 09:33:40+00:00,64.47,,valid,
27,2,2025-11-17 09:32:25+00:00,2025-11-17 09:33:40+00:00,50.4,,valid,
27,3,2025-11-17 09:32:25+00:00,2025-11-17 09:33:40+00:00,55.7,,valid,
27,4,2025-11-17 09:32:25+00:00,2025-11-17 09:33:40+00:00,51.99,,valid,
27,5,2025-11-17 09:32:25+00:00,2025-11-17 09:33:40+00:00,65.71,,valid,
27,6,2025-11-17 09:32:25+00:00,2025-11-17 09:33:40+00:00,84.65,,valid,
28,1,2025-11-17 09:33:53+00:00,2025-11-17 09:35:07+00:00,63.0,,valid,
28,2,2025-11-17 09:33:53+00:00,2025-11-17 09:35:07+00:00,64.6,,valid,
28,3,2025-11-17 09:33:53+00:00,2025-11-17 09:35:07+00:00,42.06,,valid,
28,4,2025-11-17 09:33:53+00:00,2025-11-17 09:35:07+00:00,75.83,,valid,
28,5,2025-11-17 09:33:53+00:00,2025-11-17 09:35:07+00:00,51.61,,valid,
28,6,2025-11-17 09:33:53+00:00,2025-11-17 09:35:07+00:00,83.98,,valid,
29,1,2025-11-17 09:35:13+00:00,2025-11-17 09:35:57+00:00,46.32,,valid,
29,2,2025-11-17 09:35:13+00:00,2025-11-17 09:35:57+00:00,62.03,,valid,
29,3,2025-11-17 09:35:13+00:00,2025-11-17 09:35:57+00:00,46.68,,valid,
29,4,2025-11-17 09:35:13+00:00,2025-11-17 09:35:57+00:00,76.71,,valid,
29,5,2025-11-17 09:35:13+00:00,2025-11-17 09:35:57+00:00,55.35,,valid,
29,6,2025-11-17 09:35:13+00:00,2025-11-17 09:35:57+00:00,68.32,,valid,
30,1,2025-11-17 09:36:05+00:00,2025-11-17 09:37:11+00:00,120.21,SRVO-324,valid,
30,2,2025-11-17 09:36:05+00:00,2025-11-17 09:37:11+00:00,37.46,,valid,
30,3,2025-11-17 09:36:05+00:00,2025-11-17 09:37:11+00:00,96.47,SRVO-324,valid,
30,4,2025-11-17 09:36:05+00:00,2025-11-17 09:37:11+00:00,65.18,,valid,
30,5,2025-11-17 09:36:05+00:00,2025-11-17 09:37:11+00:00,96.67,,valid,
30,6,2025-11-17 09:36:05+00:00,2025-11-17 09:37:11+00:00,75.97,,valid,
31,1,2025-11-17 09:37:27+00:00,2025-11-17 09:38:17+00:00,61.17,,valid,
31,2,2025-11-17 09:37:27+00:00,2025-11-17 09:38:17+00:00,57.32,,valid,
31,3,2025-11-17 09:37:27+00:00,2025-11-17 09:38:17+00:00,64.99,,valid,
31,4,2025-11-17 09:37:27+00:00,2025-11-17 09:38:17+00:00,61.58,,valid,
31,5,2025-11-17 09:37:27+00:00,2025-11-17 09:38:17+00:00,71.95,,valid,
31,6,2025-11-17 09:37:27+00:00,2025-11-17 09:38:17+00:00,80.37,,valid,
32,1,2025-11-17 09:38:26+00:00,2025-11-17 09:39:09+00:00,44.22,,valid,
32,2,2025-11-17 09:38:26+00:00,2025-11-17 09:39:09+00:00,54.23,,valid,
32,3,2025-11-17 09:38:26+00:00,2025-11-17 09:39:09+00:00,59.42,,valid,
32,4,2025-11-17 09:38:26+00:00,2025-11-17 09:39:09+00:00,73.26,,valid,
32,5,2025-11-17 09:38:26+00:00,2025-11-17 09:39:09+00:00,59.34,,valid,
32,6,2025-11-17 09:38:26+00:00,2025-11-17 09:39:09+00:00,74.48,,valid,
33,1,2025-11-17 09:39:22+00:00,2025-11-17 09:40:19+00:00,112.7,SRVO-050,valid,
33,2,2025-11-17 09:39:22+00:00,2025-11-17 09:40:19+00:00,66.64,,valid,
33,3,2025-11-17 09:39:22+00:00,2025-11-17 09:40:19+00:00,63.0,,valid,
33,4,2025-11-17 09:39:22+00:00,2025-11-17 09:40:19+00:00,67.63,,valid,
33,5,2025-11-17 09:39:22+00:00,2025-11-17 09:40:19+00:00,62.82,,valid,
33,6,2025-11-17 09:39:22+00:00,2025-11-17 09:40:19+00:00,92.09,,valid,
34,1,2025-11-17 09:40:27+00:00,2025-11-17 09:41:53+00:00,69.39,,valid,
34,2,2025-11-17 09:40:27+00:00,2025-11-17 09:41:53+00:00,63.53,,valid,
34,3,2025-11-17 09:40:27+00:00,2025-11-17 09:41:53+00:00,66.54,,valid,
34,4,2025-11-17 09:40:27+00:00,2025-11-17 09:41:53+00:00,62.65,,valid,
34,5,2025-11-17 09:40:27+00:00,2025-11-17 09:41:53+00:00,73.91,,valid,
34,6,2025-11-17 09:40:27+00:00,2025-11-17 09:41:53+00:00,66.65,,valid,
35,1,2025-11-17 09:42:00+00:00,2025-11-17 09:43:07+00:00,38.74,,valid,
35,2,2025-11-17 09:42:00+00:00,2025-11-17 09:43:07+00:00,40.13,,valid,
35,3,2025-11-17 09:42:00+00:00,2025-11-17 09:43:07+00:00,64.11,,valid,
35,4,2025-11-17 09:42:00+00:00,2025-11-17 09:43:07+00:00,51.22,,valid,
35,5,2025-11-17 09:42:00+00:00,2025-11-17 09:43:07+00:00,65.0,,valid,
35,6,2025-11-17 09:42:00+00:00,2025-11-17 09:43:07+00:00,74.39,,valid,
36,1,2025-11-17 09:43:24+00:00,2025-11-17 09:44:11+00:00,59.95,,valid,
36,2,2025-11-17 09:43:24+00:00,2025-11-17 09:44:11+00:00,49.22,,valid,
36,3,2025-11-17 09:43:24+00:00,2025-11-17 09:44:11+00:00,71.13,,valid,
36,4,2025-11-17 09:43:24+00:00,2025-11-17 09:44:11+00:00,119.43,SRVO-050,valid,
36,5,2025-11-17 09:43:24+00:00,2025-11-17 09:44:11+00:00,63.69,,valid,
36,6,2025-11-17 09:43:24+00:00,2025-11-17 09:44:11+00:00,72.02,,valid,
37,1,2025-11-17 09:44:20+00:00,2025-11-17 09:44:57+00:00,57.69,,valid,
37,2,2025-11-17 09:44:20+00:00,2025-11-17 09:44:57+00:00,49.73,,valid,
37,3,2025-11-17 09:44:20+00:00,2025-11-17 09:44:57+00:00,59.95,,valid,
37,4,2025-11-17 09:44:20+00:00,2025-11-17 09:44:57+00:00,68.99,,valid,
37,5,2025-11-17 09:44:20+00:00,2025-11-17 09:44:57+00:00,77.85,,valid,
37,6,2025-11-17 09:44:20+00:00,2025-11-17 09:44:57+00:00,57.22,,valid,
38,1,2025-11-17 09:45:11+00:00,2025-11-17 09:46:28+00:00,57.15,,valid,
38,2,2025-11-17 09:45:11+00:00,2025-11-17 09:46:28+00:00,122.32,SRVO-050,valid,
38,3,2025-11-17 09:45:11+00:00,2025-11-17 09:46:28+00:00,65.93,,valid,
38,4,2025-11-17 09:45:11+00:00,2025-11-17 09:46:28+00:00,79.19,,valid,
38,5,2025-11-17 09:45:11+00:00,2025-11-17 09:46:28+00:00,84.59,,valid,
38,6,2025-11-17 09:45:11+00:00,2025-11-17 09:46:28+00:00,88.4,,valid,
39,1,2025-11-17 09:46:38+00:00,2025-11-17 09:47:48+00:00,58.7,,valid,
39,2,2025-11-17 09:46:38+00:00,2025-11-17 09:47:48+00:00,75.85,,valid,
39,3,2025-11-17 09:46:38+00:00,2025-11-17 09:47:48+00:00,64.38,,valid,
39,4,2025-11-17 09:46:38+00:00,2025-11-17 09:47:48+00:00,102.55,,valid,
39,5,2025-11-17 09:46:38+00:00,2025-11-17 09:47:48+00:00,69.65,,valid,
39,6,2025-11-17 09:46:38+00:00,2025-11-17 09:47:48+00:00,66.46,,valid,
40,1,2025-11-17 09:48:08+00:00,2025-11-17 09:48:50+00:00,62.9,,valid,
40,2,2025-11-17 09:48:08+00:00,2025-11-17 09:48:50+00:00,55.55,,valid,
40,3,2025-11-17 09:48:08+00:00,2025-11-17 09:48:50+00:00,80.49,,valid,
40,4,2025-11-17 09:48:08+00:00,2025-11-17 09:48:50+00:00,48.75,,valid,
40,5,2025-11-17 09:48:08+00:00,2025-11-17 09:48:50+00:00,64.43,,valid,
40,6,2025-11-17 09:48:08+00:00,2025-11-17 09:48:50+00:00,75.33,,valid,
41,1,2025-11-17 09:49:01+00:00,2025-11-17 09:50:11+00:00,61.37,,valid,
41,2,2025-11-17 09:49:01+00:00,2025-11-17 09:50:11+00:00,58.99,,valid,
41,3,2025-11-17 09:49:01+00:00,2025-11-17 09:50:11+00:00,63.1,,valid,
41,4,2025-11-17 09:49:01+00:00,2025-11-17 09:50:11+00:00,53.73,,valid,
41,5,2025-11-17 09:49:01+00:00,2025-11-17 09:50:11+00:00,58.43,,valid,
41,6,2025-11-17 09:49:01+00:00,2025-11-17 09:50:11+00:00,78.23,,valid,
42,1,2025-11-17 09:50:22+00:00,2025-11-17 09:51:48+00:00,36.36,,valid,
42,2,2025-11-17 09:50:22+00:00,2025-11-17 09:51:48+00:00,101.0,SRVO-050,valid,
42,3,2025-11-17 09:50:22+00:00,2025-11-17 09:51:48+00:00,70.46,,valid,
42,4,2025-11-17 09:50:22+00:00,2025-11-17 09:51:48+00:00,81.02,,valid,
42,5,2025-11-17 09:50:22+00:00,2025-11-17 09:51:48+00:00,63.03,,valid,
42,6,2025-11-17 09:50:22+00:00,2025-11-17 09:51:48+00:00,77.43,,valid,
43,1,2025-11-17 09:51:53+00:00,2025-11-17 09:53:07+00:00,105.97,SRVO-050,valid,
43,2,2025-11-17 09:51:53+00:00,2025-11-17 09:53:07+00:00,63.64,,valid,
43,3,2025-11-17 09:51:53+00:00,2025-11-17 09:53:07+00:00,37.14,,valid,
43,4,2025-11-17 09:51:53+00:00,2025-11-17 09:53:07+00:00,57.17,,valid,
43,5,2025-11-17 09:51:53+00:00,2025-11-17 09:53:07+00:00,77.66,,valid,
43,6,2025-11-17 09:51:53+00:00,2025-11-17 09:53:07+00:00,122.35,,valid,
44,1,2025-11-17 09:53:26+00:00,2025-11-17 09:54:41+00:00,33.7,,valid,
44,2,2025-11-17 09:53:26+00:00,2025-11-17 09:54:41+00:00,60.56,,valid,
44,3,2025-11-17 09:53:26+00:00,2025-11-17 09:54:41+00:00,40.91,,valid,
44,4,2025-11-17 09:53:26+00:00,2025-11-17 09:54:41+00:00,72.7,,valid,
44,5,2025-11-17 09:53:26+00:00,2025-11-17 09:54:41+00:00,81.18,,valid,
44,6,2025-11-17 09:53:26+00:00,2025-11-17 09:54:41+00:00,61.31,,valid,
45,1,2025-11-17 09:54:59+00:00,2025-11-17 09:55:36+00:00,53.28,,valid,
45,2,2025-11-17 09:54:59+00:00,2025-11-17 09:55:36+00:00,65.57,,valid,
45,3,2025-11-17 09:54:59+00:00,2025-11-17 09:55:36+00:00,55.51,,valid,
45,4,2025-11-17 09:54:59+00:00,2025-11-17 09:55:36+00:00,71.74,,valid,
45,5,2025-11-17 09:54:59+00:00,2025-11-17 09:55:36+00:00,42.15,,valid,
45,6,2025-11-17 09:54:59+00:00,2025-11-17 09:55:36+00:00,85.98,,valid,
46,1,2025-11-17 09:55:44+00:00,2025-11-17 09:56:19+00:00,50.3,,valid,
46,2,2025-11-17 09:55:44+00:00,2025-11-17 09:56:19+00:00,52.42,,valid,
46,3,2025-11-17 09:55:44+00:00,2025-11-17 09:56:19+00:00,69.84,,valid,
46,4,2025-11-17 09:55:44+00:00,2025-11-17 09:56:19+00:00,82.29,,valid,
46,5,2025-11-17 09:55:44+00:00,2025-11-17 09:56:19+00:00,74.86,,valid,
46,6,2025-11-17 09:55:44+00:00,2025-11-17 09:56:19+00:00,97.34,,valid,
47,1,2025-11-17 09:56:29+00:00,2025-11-17 09:57:41+00:00,52.36,,valid,
47,2,2025-11-17 09:56:29+00:00,2025-11-17 09:57:41+00:00,45.61,,valid,
47,3,2025-11-17 09:56:29+00:00,2025-11-17 09:57:41+00:00,56.16,,valid,
47,4,2025-11-17 09:56:29+00:00,2025-11-17 09:57:41+00:00,62.94,,valid,
47,5,2025-11-17 09:56:29+00:00,2025-11-17 09:57:41+00:00,86.06,,valid,
47,6,2025-11-17 09:56:29+00:00,2025-11-17 09:57:41+00:00,54.19,,valid,
48,1,2025-11-17 09:57:56+00:00,2025-11-17 09:58:32+00:00,62.06,,valid,
48,2,2025-11-17 09:57:56+00:00,2025-11-17 09:58:32+00:00,45.63,,valid,
48,3,2025-11-17 09:57:56+00:00,2025-11-17 09:58:32+00:00,46.28,,valid,
48,4,2025-11-17 09:57:56+00:00,2025-11-17 09:58:32+00:00,76.8,,valid,
48,5,2025-11-17 09:57:56+00:00,2025-11-17 09:58:32+00:00,77.32,,valid,
48,6,2025-11-17 09:57:56+00:00,2025-11-17 09:58:32+00:00,87.55,,valid,
49,1,2025-11-17 09:58:48+00:00,2025-11-17 10:00:06+00:00,58.01,,valid,
49,2,2025-11-17 09:58:48+00:00,2025-11-17 10:00:06+00:00,75.6,,valid,
49,3,2025-11-17 09:58:48+00:00,2025-11-17 10:00:06+00:00,123.63,SRVO-160,valid,
49,4,2025-11-17 09:58:48+00:00,2025-11-17 10:00:06+00:00,63.44,,valid,
49,5,2025-11-17 09:58:48+00:00,2025-11-17 10:00:06+00:00,54.88,,valid,
49,6,2025-11-17 09:58:48+00:00,2025-11-17 10:00:06+00:00,80.35,,valid,
50,1,2025-11-17 10:00:16+00:00,2025-11-17 10:01:00+00:00,44.03,,valid,
50,2,2025-11-17 10:00:16+00:00,2025-11-17 10:01:00+00:00,43.92,,valid,
50,3,2025-11-17 10:00:16+00:00,2025-11-17 10:01:00+00:00,41.25,,valid,
50,4,2025-11-17 10:00:16+00:00,2025-11-17 10:01:00+00:00,62.85,,valid,
50,5,2025-11-17 10:00:16+00:00,2025-11-17 10:01:00+00:00,57.35,,valid,
50,6,2025-11-17 10:00:16+00:00,2025-11-17 10:01:00+00:00,75.56,,valid,
51,1,2025-11-17 10:01:19+00:00,2025-11-17 10:02:03+00:00,67.69,,valid,
51,2,2025-11-17 10:01:19+00:00,2025-11-17 10:02:03+00:00,110.26,,valid,
51,3,2025-11-17 10:01:19+00:00,2025-11-17 10:02:03+00:00,45.39,,valid,
51,4,2025-11-17 10:01:19+00:00,2025-11-17 10:02:03+00:00,76.91,,valid,
51,5,2025-11-17 10:01:19+00:00,2025-11-17 10:02:03+00:00,76.75,,valid,
51,6,2025-11-17 10:01:19+00:00,2025-11-17 10:02:03+00:00,57.84,,valid,
52,1,2025-11-17 10:02:21+00:00,2025-11-17 10:03:00+00:00,77.11,,valid,
52,2,2025-11-17 10:02:21+00:00,2025-11-17 10:03:00+00:00,54.36,,valid,
52,3,2025-11-17 10:02:21+00:00,2025-11-17 10:03:00+00:00,51.23,,valid,
52,4,2025-11-17 10:02:21+00:00,2025-11-17 10:03:00+00:00,50.93,,valid,
52,5,2025-11-17 10:02:21+00:00,2025-11-17 10:03:00+00:00,67.8,,valid,
52,6,2025-11-17 10:02:21+00:00,2025-11-17 10:03:00+00:00,98.63,SRVO-050,valid,
53,1,2025-11-17 10:03:08+00:00,2025-11-17 10:03:43+00:00,37.42,,valid,
53,2,2025-11-17 10:03:08+00:00,2025-11-17 10:03:43+00:00,63.79,,valid,
53,3,2025-11-17 10:03:08+00:00,2025-11-17 10:03:43+00:00,59.56,,valid,
53,4,2025-11-17 10:03:08+00:00,2025-11-17 10:03:43+00:00,75.87,,valid,
53,5,2025-11-17 10:03:08+00:00,2025-11-17 10:03:43+00:00,71.75,,valid,
53,6,2025-11-17 10:03:08+00:00,2025-11-17 10:03:43+00:00,55.68,,valid,
54,1,2025-11-17 10:03:56+00:00,2025-11-17 10:05:11+00:00,60.97,,valid,
54,2,2025-11-17 10:03:56+00:00,2025-11-17 10:05:11+00:00,34.87,,valid,
54,3,2025-11-17 10:03:56+00:00,2025-11-17 10:05:11+00:00,41.3,,valid,
54,4,2025-11-17 10:03:56+00:00,2025-11-17 10:05:11+00:00,55.83,,valid,
54,5,2025-11-17 10:03:56+00:00,2025-11-17 10:05:11+00:00,60.96,,valid,
54,6,2025-11-17 10:03:56+00:00,2025-11-17 10:05:11+00:00,88.96,,valid,
55,1,2025-11-17 10:05:26+00:00,2025-11-17 10:06:52+00:00,48.29,,valid,
55,2,2025-11-17 10:05:26+00:00,2025-11-17 10:06:52+00:00,67.47,,valid,
55,3,2025-11-17 10:05:26+00:00,2025-11-17 10:06:52+00:00,54.32,,valid,
55,4,2025-11-17 10:05:26+00:00,2025-11-17 10:06:52+00:00,68.18,,valid,
55,5,2025-11-17 10:05:26+00:00,2025-11-17 10:06:52+00:00,74.74,,valid,
55,6,2025-11-17 10:05:26+00:00,2025-11-17 10:06:52+00:00,81.96,,valid,
56,1,2025-11-17 10:07:02+00:00,2025-11-17 10:08:11+00:00,45.35,,valid,
56,2,2025-11-17 10:07:02+00:00,2025-11-17 10:08:11+00:00,51.22,,valid,
56,3,2025-11-17 10:07:02+00:00,2025-11-17 10:08:11+00:00,57.02,,valid,
56,4,2025-11-17 10:07:02+00:00,2025-11-17 10:08:11+00:00,48.48,,valid,
56,5,2025-11-17 10:07:02+00:00,2025-11-17 10:08:11+00:00,69.16,,valid,
56,6,2025-11-17 10:07:02+00:00,2025-11-17 10:08:11+00:00,71.16,,valid,
57,1,2025-11-17 10:08:16+00:00,2025-11-17 10:08:58+00:00,55.8,,valid,
57,2,2025-11-17 10:08:16+00:00,2025-11-17 10:08:58+00:00,55.91,,valid,
57,3,2025-11-17 10:08:16+00:00,2025-11-17 10:08:58+00:00,73.36,,valid,
57,4,2025-11-17 10:08:16+00:00,2025-11-17 10:08:58+00:00,65.7,,valid,
57,5,2025-11-17 10:08:16+00:00,2025-11-17 10:08:58+00:00,64.38,,valid,
57,6,2025-11-17 10:08:16+00:00,2025-11-17 10:08:58+00:00,75.58,,valid,
58,1,2025-11-17 10:09:07+00:00,2025-11-17 10:10:34+00:00,128.27,,valid,
58,2,2025-11-17 10:09:07+00:00,2025-11-17 10:10:34+00:00,37.27,,valid,
58,3,2025-11-17 10:09:07+00:00,2025-11-17 10:10:34+00:00,56.1,,valid,
58,4,2025-11-17 10:09:07+00:00,2025-11-17 10:10:34+00:00,70.16,,valid,
58,5,2025-11-17 10:09:07+00:00,2025-11-17 10:10:34+00:00,63.47,,valid,
58,6,2025-11-17 10:09:07+00:00,2025-11-17 10:10:34+00:00,68.89,,valid,
59,1,2025-11-17 10:10:43+00:00,2025-11-17 10:11:16+00:00,44.72,,valid,
59,2,2025-11-17 10:10:43+00:00,2025-11-17 10:11:16+00:00,68.53,,valid,
59,3,2025-11-17 10:10:43+00:00,2025-11-17 10:11:16+00:00,27.79,,valid,
59,4,2025-11-17 10:10:43+00:00,2025-11-17 10:11:16+00:00,68.96,,valid,
59,5,2025-11-17 10:10:43+00:00,2025-11-17 10:11:16+00:00,70.34,,valid,
59,6,2025-11-17 10:10:43+00:00,2025-11-17 10:11:16+00:00,58.19,,valid,
60,1,2025-11-17 10:11:23+00:00,2025-11-17 10:12:08+00:00,53.1,,valid,
60,2,2025-11-17 10:11:23+00:00,2025-11-17 10:12:08+00:00,59.76,,valid,
60,3,2025-11-17 10:11:23+00:00,2025-11-17 10:12:08+00:00,65.9,,valid,
60,4,2025-11-17 10:11:23+00:00,2025-11-17 10:12:08+00:00,38.48,,valid,
60,5,2025-11-17 10:11:23+00:00,2025-11-17 10:12:08+00:00,83.66,,valid,
60,6,2025-11-17 10:11:23+00:00,2025-11-17 10:12:08+00:00,67.62,,valid,
61,1,2025-11-17 10:12:18+00:00,2025-11-17 10:12:50+00:00,56.87,,valid,
61,2,2025-11-17 10:12:18+00:00,2025-11-17 10:12:50+00:00,62.41,,valid,
61,3,2025-11-17 10:12:18+00:00,2025-11-17 10:12:50+00:00,51.23,,valid,
61,4,2025-11-17 10:12:18+00:00,2025-11-17 10:12:50+00:00,71.6,,valid,
61,5,2025-11-17 10:12:18+00:00,2025-11-17 10:12:50+00:00,66.15,,valid,
61,6,2025-11-17 10:12:18+00:00,2025-11-17 10:12:50+00:00,54.29,,valid,
62,1,2025-11-17 10:12:59+00:00,2025-11-17 10:14:08+00:00,61.68,,valid,
62,2,2025-11-17 10:12:59+00:00,2025-11-17 10:14:08+00:00,47.25,,valid,
62,3,2025-11-17 10:12:59+00:00,2025-11-17 10:14:08+00:00,51.46,,valid,
62,4,2025-11-17 10:12:59+00:00,2025-11-17 10:14:08+00:00,60.97,,valid,
62,5,2025-11-17 10:12:59+00:00,2025-11-17 10:14:08+00:00,72.72,,valid,
62,6,2025-11-17 10:12:59+00:00,2025-11-17 10:14:08+00:00,74.43,,valid,
63,1,2025-11-17 10:14:21+00:00,2025-11-17 10:15:45+00:00,55.48,,valid,
63,2,2025-11-17 10:14:21+00:00,2025-11-17 10:15:45+00:00,110.15,SRVO-324,valid,
63,3,2025-11-17 10:14:21+00:00,2025-11-17 10:15:45+00:00,59.78,,valid,
63,4,2025-11-17 10:14:21+00:00,2025-11-17 10:15:45+00:00,57.18,,valid,
63,5,2025-11-17 10:14:21+00:00,2025-11-17 10:15:45+00:00,71.24,,valid,
63,6,2025-11-17 10:14:21+00:00,2025-11-17 10:15:45+00:00,93.97,SRVO-324,valid,
64,1,2025-11-17 10:15:52+00:00,2025-11-17 10:16:27+00:00,46.1,,valid,
64,2,2025-11-17 10:15:52+00:00,2025-11-17 10:16:27+00:00,61.87,,valid,
64,3,2025-11-17 10:15:52+00:00,2025-11-17 10:16:27+00:00,71.86,,valid,
64,4,2025-11-17 10:15:52+00:00,2025-11-17 10:16:27+00:00,46.09,,valid,
64,5,2025-11-17 10:15:52+00:00,2025-11-17 10:16:27+00:00,63.62,,valid,
64,6,2025-11-17 10:15:52+00:00,2025-11-17 10:16:27+00:00,85.61,,valid,
65,1,2025-11-17 10:16:33+00:00,2025-11-17 10:17:53+00:00,43.01,,valid,
65,2,2025-11-17 10:16:33+00:00,2025-11-17 10:17:53+00:00,59.15,,valid,
65,3,2025-11-17 10:16:33+00:00,2025-11-17 10:17:53+00:00,123.39,SRVO-050,valid,
65,4,2025-11-17 10:16:33+00:00,2025-11-17 10:17:53+00:00,60.54,,valid,
65,5,2025-11-17 10:16:33+00:00,2025-11-17 10:17:53+00:00,77.3,,valid,
65,6,2025-11-17 10:16:33+00:00,2025-11-17 10:17:53+00:00,65.69,,valid,
66,1,2025-11-17 10:18:07+00:00,2025-11-17 10:19:25+00:00,50.43,,valid,
66,2,2025-11-17 10:18:07+00:00,2025-11-17 10:19:25+00:00,61.87,,valid,
66,3,2025-11-17 10:18:07+00:00,2025-11-17 10:19:25+00:00,39.35,,valid,
66,4,2025-11-17 10:18:07+00:00,2025-11-17 10:19:25+00:00,86.22,,valid,
66,5,2025-11-17 10:18:07+00:00,2025-11-17 10:19:25+00:00,67.17,,valid,
66,6,2025-11-17 10:18:07+00:00,2025-11-17 10:19:25+00:00,54.75,,valid,
67,1,2025-11-17 10:19:39+00:00,2025-11-17 10:20:40+00:00,51.58,,valid,
67,2,2025-11-17 10:19:39+00:00,2025-11-17 10:20:40+00:00,55.33,,valid,
67,3,2025-11-17 10:19:39+00:00,2025-11-17 10:20:40+00:00,59.18,,valid,
67,4,2025-11-17 10:19:39+00:00,2025-11-17 10:20:40+00:00,74.91,,valid,
67,5,2025-11-17 10:19:39+00:00,2025-11-17 10:20:40+00:00,77.47,,valid,
67,6,2025-11-17 10:19:39+00:00,2025-11-17 10:20:40+00:00,77.98,,valid,
68,1,2025-11-17 10:20:46+00:00,2025-11-17 10:21:36+00:00,54.5,,valid,
68,2,2025-11-17 10:20:46+00:00,2025-11-17 10:21:36+00:00,109.55,SRVO-324,valid,
68,3,2025-11-17 10:20:46+00:00,2025-11-17 10:21:36+00:00,128.27,SRVO-160,valid,
68,4,2025-11-17 10:20:46+00:00,2025-11-17 10:21:36+00:00,72.59,,valid,
68,5,2025-11-17 10:20:46+00:00,2025-11-17 10:21:36+00:00,78.13,,valid,
68,6,2025-11-17 10:20:46+00:00,2025-11-17 10:21:36+00:00,66.56,,valid,
69,1,2025-11-17 10:21:51+00:00,2025-11-17 10:22:26+00:00,32.56,,valid,
69,2,2025-11-17 10:21:51+00:00,2025-11-17 10:22:26+00:00,56.57,,valid,
69,3,2025-11-17 10:21:51+00:00,2025-11-17 10:22:26+00:00,62.81,,valid,
69,4,2025-11-17 10:21:51+00:00,2025-11-17 10:22:26+00:00,79.9,,valid,
69,5,2025-11-17 10:21:51+00:00,2025-11-17 10:22:26+00:00,57.3,,valid,
69,6,2025-11-17 10:21:51+00:00,2025-11-17 10:22:26+00:00,86.55,,valid,
70,1,2025-11-17 10:22:35+00:00,2025-11-17 10:23:56+00:00,73.67,,valid,
70,2,2025-11-17 10:22:35+00:00,2025-11-17 10:23:56+00:00,51.22,,valid,
70,3,2025-11-17 10:22:35+00:00,2025-11-17 10:23:56+00:00,47.09,,valid,
70,4,2025-11-17 10:22:35+00:00,2025-11-17 10:23:56+00:00,60.93,,valid,
70,5,2025-11-17 10:22:35+00:00,2025-11-17 10:23:56+00:00,70.14,,valid,
70,6,2025-11-17 10:22:35+00:00,2025-11-17 10:23:56+00:00,80.64,,valid,
71,1,2025-11-17 10:24:13+00:00,2025-11-17 10:25:29+00:00,107.43,,valid,
71,2,2025-11-17 10:24:13+00:00,2025-11-17 10:25:29+00:00,109.25,SRVO-050,valid,
71,3,2025-11-17 10:24:13+00:00,2025-11-17 10:25:29+00:00,71.07,,valid,
71,4,2025-11-17 10:24:13+00:00,2025-11-17 10:25:29+00:00,42.25,,valid,
71,5,2025-11-17 10:24:13+00:00,2025-11-17 10:25:29+00:00,67.96,,valid,
71,6,2025-11-17 10:24:13+00:00,2025-11-17 10:25:29+00:00,106.18,,valid,
72,1,2025-11-17 10:25:39+00:00,2025-11-17 10:26:17+00:00,100.92,SRVO-324,valid,
72,2,2025-11-17 10:25:39+00:00,2025-11-17 10:26:17+00:00,43.79,,valid,
72,3,2025-11-17 10:25:39+00:00,2025-11-17 10:26:17+00:00,76.39,,valid,
72,4,2025-11-17 10:25:39+00:00,2025-11-17 10:26:17+00:00,75.79,,valid,
72,5,2025-11-17 10:25:39+00:00,2025-11-17 10:26:17+00:00,78.09,,valid,
72,6,2025-11-17 10:25:39+00:00,2025-11-17 10:26:17+00:00,73.06,,valid,
73,1,2025-11-17 10:26:22+00:00,2025-11-17 10:27:08+00:00,62.62,,valid,
73,2,2025-11-17 10:26:22+00:00,2025-11-17 10:27:08+00:00,61.47,,valid,
73,3,2025-11-17 10:26:22+00:00,2025-11-17 10:27:08+00:00,64.04,,valid,
73,4,2025-11-17 10:26:22+00:00,2025-11-17 10:27:08+00:00,63.85,,valid,
73,5,2025-11-17 10:26:22+00:00,2025-11-17 10:27:08+00:00,73.18,,valid,
73,6,2025-11-17 10:26:22+00:00,2025-11-17 10:27:08+00:00,77.88,,valid,
74,1,2025-11-17 10:27:20+00:00,2025-11-17 10:28:23+00:00,44.59,,valid,
74,2,2025-11-17 10:27:20+00:00,2025-11-17 10:28:23+00:00,47.25,,valid,
74,3,2025-11-17 10:27:20+00:00,2025-11-17 10:28:23+00:00,50.03,,valid,
74,4,2025-11-17 10:27:20+00:00,2025-11-17 10:28:23+00:00,55.67,,valid,
74,5,2025-11-17 10:27:20+00:00,2025-11-17 10:28:23+00:00,68.12,,valid,
74,6,2025-11-17 10:27:20+00:00,2025-11-17 10:28:23+00:00,71.47,,valid,
75,1,2025-11-17 10:28:30+00:00,2025-11-17 10:29:09+00:00,43.79,,valid,
75,2,2025-11-17 10:28:30+00:00,2025-11-17 10:29:09+00:00,48.05,,valid,
75,3,2025-11-17 10:28:30+00:00,2025-11-17 10:29:09+00:00,62.92,,valid,
75,4,2025-11-17 10:28:30+00:00,2025-11-17 10:29:09+00:00,78.78,,valid,
75,5,2025-11-17 10:28:30+00:00,2025-11-17 10:29:09+00:00,69.89,,valid,
75,6,2025-11-17 10:28:30+00:00,2025-11-17 10:29:09+00:00,74.24,,valid,
76,1,2025-11-17 10:29:23+00:00,2025-11-17 10:30:19+00:00,40.65,,valid,
76,2,2025-11-17 10:29:23+00:00,2025-11-17 10:30:19+00:00,118.66,,valid,
76,3,2025-11-17 10:29:23+00:00,2025-11-17 10:30:19+00:00,70.57,,valid,
76,4,2025-11-17 10:29:23+00:00,2025-11-17 10:30:19+00:00,74.67,,valid,
76,5,2025-11-17 10:29:23+00:00,2025-11-17 10:30:19+00:00,77.19,,valid,
76,6,2025-11-17 10:29:23+00:00,2025-11-17 10:30:19+00:00,93.2,SRVO-050,valid,
77,1,2025-11-17 10:30:26+00:00,2025-11-17 10:31:25+00:00,49.17,,valid,
77,2,2025-11-17 10:30:26+00:00,2025-11-17 10:31:25+00:00,61.49,,valid,
77,3,2025-11-17 10:30:26+00:00,2025-11-17 10:31:25+00:00,54.16,,valid,
77,4,2025-11-17 10:30:26+00:00,2025-11-17 10:31:25+00:00,89.52,,valid,
77,5,2025-11-17 10:30:26+00:00,2025-11-17 10:31:25+00:00,89.84,,valid,
77,6,2025-11-17 10:30:26+00:00,2025-11-17 10:31:25+00:00,75.12,,valid,
78,1,2025-11-17 10:31:41+00:00,2025-11-17 10:32:59+00:00,53.87,,valid,
78,2,2025-11-17 10:31:41+00:00,2025-11-17 10:32:59+00:00,68.59,,valid,
78,3,2025-11-17 10:31:41+00:00,2025-11-17 10:32:59+00:00,58.53,,valid,
78,4,2025-11-17 10:31:41+00:00,2025-11-17 10:32:59+00:00,58.43,,valid,
78,5,2025-11-17 10:31:41+00:00,2025-11-17 10:32:59+00:00,78.74,,valid,
78,6,2025-11-17 10:31:41+00:00,2025-11-17 10:32:59+00:00,75.78,,valid,
79,1,2025-11-17 10:33:09+00:00,2025-11-17 10:33:57+00:00,51.83,,valid,
79,2,2025-11-17 10:33:09+00:00,2025-11-17 10:33:57+00:00,46.66,,valid,
79,3,2025-11-17 10:33:09+00:00,2025-11-17 10:33:57+00:00,42.82,,valid,
79,4,2025-11-17 10:33:09+00:00,2025-11-17 10:33:57+00:00,67.36,,valid,
79,5,2025-11-17 10:33:09+00:00,2025-11-17 10:33:57+00:00,79.05,,valid,
79,6,2025-11-17 10:33:09+00:00,2025-11-17 10:33:57+00:00,72.74,,valid,
80,1,2025-11-17 10:34:10+00:00,2025-11-17 10:35:35+00:00,64.36,,valid,
80,2,2025-11-17 10:34:10+00:00,2025-11-17 10:35:35+00:00,47.96,,valid,
80,3,2025-11-17 10:34:10+00:00,2025-11-17 10:35:35+00:00,49.45,,valid,
80,4,2025-11-17 10:34:10+00:00,2025-11-17 10:35:35+00:00,64.33,,valid,
80,5,2025-11-17 10:34:10+00:00,2025-11-17 10:35:35+00:00,69.17,,valid,
80,6,2025-11-17 10:34:10+00:00,2025-11-17 10:35:35+00:00,82.7,,valid,
81,1,2025-11-17 10:35:43+00:00,2025-11-17 10:36:36+00:00,42.25,,valid,
81,2,2025-11-17 10:35:43+00:00,2025-11-17 10:36:36+00:00,68.68,,valid,
81,3,2025-11-17 10:35:43+00:00,2025-11-17 10:36:36+00:00,79.67,,valid,
81,4,2025-11-17 10:35:43+00:00,2025-11-17 10:36:36+00:00,64.61,,valid,
81,5,2025-11-17 10:35:43+00:00,2025-11-17 10:36:36+00:00,82.5,,valid,
81,6,2025-11-17 10:35:43+00:00,2025-11-17 10:36:36+00:00,64.44,,valid,
82,1,2025-11-17 10:36:45+00:00,2025-11-17 10:37:44+00:00,60.75,,valid,
82,2,2025-11-17 10:36:45+00:00,2025-11-17 10:37:44+00:00,65.47,,valid,
82,3,2025-11-17 10:36:45+00:00,2025-11-17 10:37:44+00:00,68.63,,valid,
82,4,2025-11-17 10:36:45+00:00,2025-11-17 10:37:44+00:00,64.84,,valid,
82,5,2025-11-17 10:36:45+00:00,2025-11-17 10:37:44+00:00,40.46,,valid,
82,6,2025-11-17 10:36:45+00:00,2025-11-17 10:37:44+00:00,68.58,,valid,
83,1,2025-11-17 10:37:58+00:00,2025-11-17 10:38:43+00:00,43.74,,valid,
83,2,2025-11-17 10:37:58+00:00,2025-11-17 10:38:43+00:00,45.22,,valid,
83,3,2025-11-17 10:37:58+00:00,2025-11-17 10:38:43+00:00,61.22,,valid,
83,4,2025-11-17 10:37:58+00:00,2025-11-17 10:38:43+00:00,60.81,,valid,
83,5,2025-11-17 10:37:58+00:00,2025-11-17 10:38:43+00:00,61.75,,valid,
83,6,2025-11-17 10:37:58+00:00,2025-11-17 10:38:43+00:00,64.41,,valid,
84,1,2025-11-17 10:38:58+00:00,2025-11-17 10:40:24+00:00,42.84,,valid,
84,2,2025-11-17 10:38:58+00:00,2025-11-17 10:40:24+00:00,66.21,,valid,
84,3,2025-11-17 10:38:58+00:00,2025-11-17 10:40:24+00:00,53.39,,valid,
84,4,2025-11-17 10:38:58+00:00,2025-11-17 10:40:24+00:00,59.85,,valid,
84,5,2025-11-17 10:38:58+00:00,2025-11-17 10:40:24+00:00,65.43,,valid,
84,6,2025-11-17 10:38:58+00:00,2025-11-17 10:40:24+00:00,78.39,,valid,
85,1,2025-11-17 10:40:43+00:00,2025-11-17 10:41:46+00:00,54.56,,valid,
85,2,2025-11-17 10:40:43+00:00,2025-11-17 10:41:46+00:00,24.55,,valid,
85,3,2025-11-17 10:40:43+00:00,2025-11-17 10:41:46+00:00,70.22,,valid,
85,4,2025-11-17 10:40:43+00:00,2025-11-17 10:41:46+00:00,123.38,,valid,
85,5,2025-11-17 10:40:43+00:00,2025-11-17 10:41:46+00:00,69.58,,valid,
85,6,2025-11-17 10:40:43+00:00,2025-11-17 10:41:46+00:00,74.06,,valid,
86,1,2025-11-17 10:42:06+00:00,2025-11-17 10:42:49+00:00,42.75,,valid,
86,2,2025-11-17 10:42:06+00:00,2025-11-17 10:42:49+00:00,50.5,,valid,
86,3,2025-11-17 10:42:06+00:00,2025-11-17 10:42:49+00:00,49.92,,valid,
86,4,2025-11-17 10:42:06+00:00,2025-11-17 10:42:49+00:00,113.27,SRVO-324,valid,
86,5,2025-11-17 10:42:06+00:00,2025-11-17 10:42:49+00:00,58.82,,valid,
86,6,2025-11-17 10:42:06+00:00,2025-11-17 10:42:49+00:00,90.39,,valid,
87,1,2025-11-17 10:43:09+00:00,2025-11-17 10:44:27+00:00,40.72,,valid,
87,2,2025-11-17 10:43:09+00:00,2025-11-17 10:44:27+00:00,67.43,,valid,
87,3,2025-11-17 10:43:09+00:00,2025-11-17 10:44:27+00:00,63.55,,valid,
87,4,2025-11-17 10:43:09+00:00,2025-11-17 10:44:27+00:00,46.91,,valid,
87,5,2025-11-17 10:43:09+00:00,2025-11-17 10:44:27+00:00,76.35,,valid,
87,6,2025-11-17 10:43:09+00:00,2025-11-17 10:44:27+00:00,73.82,,valid,
88,1,2025-11-17 10:44:32+00:00,2025-11-17 10:45:02+00:00,45.45,,valid,
88,2,2025-11-17 10:44:32+00:00,2025-11-17 10:45:02+00:00,57.45,,valid,
88,3,2025-11-17 10:44:32+00:00,2025-11-17 10:45:02+00:00,116.38,,valid,
88,4,2025-11-17 10:44:32+00:00,2025-11-17 10:45:02+00:00,72.08,,valid,
88,5,2025-11-17 10:44:32+00:00,2025-11-17 10:45:02+00:00,66.36,,valid,
88,6,2025-11-17 10:44:32+00:00,2025-11-17 10:45:02+00:00,87.15,,valid,
89,1,2025-11-17 10:45:07+00:00,2025-11-17 10:45:52+00:00,50.66,,valid,
89,2,2025-11-17 10:45:07+00:00,2025-11-17 10:45:52+00:00,39.73,,valid,
89,3,2025-11-17 10:45:07+00:00,2025-11-17 10:45:52+00:00,77.83,,valid,
89,4,2025-11-17 10:45:07+00:00,2025-11-17 10:45:52+00:00,87.73,,valid,
89,5,2025-11-17 10:45:07+00:00,2025-11-17 10:45:52+00:00,76.19,,valid,
89,6,2025-11-17 10:45:07+00:00,2025-11-17 10:45:52+00:00,75.9,,valid,
90,1,2025-11-17 10:46:00+00:00,2025-11-17 10:47:16+00:00,47.29,,valid,
90,2,2025-11-17 10:46:00+00:00,2025-11-17 10:47:16+00:00,50.36,,valid,
90,3,2025-11-17 10:46:00+00:00,2025-11-17 10:47:16+00:00,72.11,,valid,
90,4,2025-11-17 10:46:00+00:00,2025-11-17 10:47:16+00:00,64.83,,valid,
90,5,2025-11-17 10:46:00+00:00,2025-11-17 10:47:16+00:00,86.74,,valid,
90,6,2025-11-17 10:46:00+00:00,2025-11-17 10:47:16+00:00,75.35,,valid,
91,1,2025-11-17 10:47:32+00:00,2025-11-17 10:48:10+00:00,45.88,,valid,
91,2,2025-11-17 10:47:32+00:00,2025-11-17 10:48:10+00:00,120.61,,valid,
91,3,2025-11-17 10:47:32+00:00,2025-11-17 10:48:10+00:00,55.49,,valid,
91,4,2025-11-17 10:47:32+00:00,2025-11-17 10:48:10+00:00,54.82,,valid,
91,5,2025-11-17 10:47:32+00:00,2025-11-17 10:48:10+00:00,61.78,,valid,
91,6,2025-11-17 10:47:32+00:00,2025-11-17 10:48:10+00:00,62.12,,valid,
92,1,2025-11-17 10:48:24+00:00,2025-11-17 10:49:08+00:00,41.0,,valid,
92,2,2025-11-17 10:48:24+00:00,2025-11-17 10:49:08+00:00,69.19,,valid,
92,3,2025-11-17 10:48:24+00:00,2025-11-17 10:49:08+00:00,50.85,,valid,
92,4,2025-11-17 10:48:24+00:00,2025-11-17 10:49:08+00:00,123.18,SRVO-050,valid,
92,5,2025-11-17 10:48:24+00:00,2025-11-17 10:49:08+00:00,84.5,,valid,
92,6,2025-11-17 10:48:24+00:00,2025-11-17 10:49:08+00:00,62.3,,valid,
93,1,2025-11-17 10:49:18+00:00,2025-11-17 10:50:48+00:00,41.24,,valid,
93,2,2025-11-17 10:49:18+00:00,2025-11-17 10:50:48+00:00,61.8,,valid,
93,3,2025-11-17 10:49:18+00:00,2025-11-17 10:50:48+00:00,62.7,,valid,
93,4,2025-11-17 10:49:18+00:00,2025-11-17 10:50:48+00:00,73.95,,valid,
93,5,2025-11-17 10:49:18+00:00,2025-11-17 10:50:48+00:00,57.22,,valid,
93,6,2025-11-17 10:49:18+00:00,2025-11-17 10:50:48+00:00,72.13,,valid,
94,1,2025-11-17 10:50:55+00:00,2025-11-17 10:51:30+00:00,43.83,,valid,
94,2,2025-11-17 10:50:55+00:00,2025-11-17 10:51:30+00:00,123.34,,valid,
94,3,2025-11-17 10:50:55+00:00,2025-11-17 10:51:30+00:00,70.38,,valid,
94,4,2025-11-17 10:50:55+00:00,2025-11-17 10:51:30+00:00,72.64,,valid,
94,5,2025-11-17 10:50:55+00:00,2025-11-17 10:51:30+00:00,87.28,,valid,
94,6,2025-11-17 10:50:55+00:00,2025-11-17 10:51:30+00:00,108.53,SRVO-324,valid,
95,1,2025-11-17 10:51:45+00:00,2025-11-17 10:52:30+00:00,55.62,,valid,
95,2,2025-11-17 10:51:45+00:00,2025-11-17 10:52:30+00:00,42.76,,valid,
95,3,2025-11-17 10:51:45+00:00,2025-11-17 10:52:30+00:00,79.82,,valid,
95,4,2025-11-17 10:51:45+00:00,2025-11-17 10:52:30+00:00,60.56,,valid,
95,5,2025-11-17 10:51:45+00:00,2025-11-17 10:52:30+00:00,121.66,SRVO-324,valid,
95,6,2025-11-17 10:51:45+00:00,2025-11-17 10:52:30+00:00,76.46,,valid,
96,1,2025-11-17 10:52:35+00:00,2025-11-17 10:54:05+00:00,117.79,SRVO-324,valid,
96,2,2025-11-17 10:52:35+00:00,2025-11-17 10:54:05+00:00,58.97,,valid,
96,3,2025-11-17 10:52:35+00:00,2025-11-17 10:54:05+00:00,68.46,,valid,
96,4,2025-11-17 10:52:35+00:00,2025-11-17 10:54:05+00:00,61.58,,valid,
96,5,2025-11-17 10:52:35+00:00,2025-11-17 10:54:05+00:00,75.32,,valid,
96,6,2025-11-17 10:52:35+00:00,2025-11-17 10:54:05+00:00,79.57,,valid,
97,1,2025-11-17 10:54:10+00:00,2025-11-17 10:55:04+00:00,52.14,,valid,
97,2,2025-11-17 10:54:10+00:00,2025-11-17 10:55:04+00:00,52.97,,valid,
97,3,2025-11-17 10:54:10+00:00,2025-11-17 10:55:04+00:00,62.12,,valid,
97,4,2025-11-17 10:54:10+00:00,2025-11-17 10:55:04+00:00,84.68,,valid,
97,5,2025-11-17 10:54:10+00:00,2025-11-17 10:55:04+00:00,67.05,,valid,
97,6,2025-11-17 10:54:10+00:00,2025-11-17 10:55:04+00:00,87.07,,valid,
98,1,2025-11-17 10:55:15+00:00,2025-11-17 10:56:01+00:00,43.8,,valid,
98,2,2025-11-17 10:55:15+00:00,2025-11-17 10:56:01+00:00,46.19,,valid,
98,3,2025-11-17 10:55:15+00:00,2025-11-17 10:56:01+00:00,92.76,,valid,
98,4,2025-11-17 10:55:15+00:00,2025-11-17 10:56:01+00:00,70.4,,valid,
98,5,2025-11-17 10:55:15+00:00,2025-11-17 10:56:01+00:00,75.68,,valid,
98,6,2025-11-17 10:55:15+00:00,2025-11-17 10:56:01+00:00,80.95,,valid,
99,1,2025-11-17 10:56:21+00:00,2025-11-17 10:57:18+00:00,64.07,,valid,
99,2,2025-11-17 10:56:21+00:00,2025-11-17 10:57:18+00:00,59.08,,valid,
99,3,2025-11-17 10:56:21+00:00,2025-11-17 10:57:18+00:00,68.16,,valid,
99,4,2025-11-17 10:56:21+00:00,2025-11-17 10:57:18+00:00,54.41,,valid,
99,5,2025-11-17 10:56:21+00:00,2025-11-17 10:57:18+00:00,79.84,,valid,
99,6,2025-11-17 10:56:21+00:00,2025-11-17 10:57:18+00:00,72.63,,valid,
100,1,2025-11-17 10:57:24+00:00,2025-11-17 10:58:01+00:00,56.72,,valid,
100,2,2025-11-17 10:57:24+00:00,2025-11-17 10:58:01+00:00,37.85,,valid,
100,3,2025-11-17 10:57:24+00:00,2025-11-17 10:58:01+00:00,125.68,,valid,
100,4,2025-11-17 10:57:24+00:00,2025-11-17 10:58:01+00:00,42.58,,valid,
100,5,2025-11-17 10:57:24+00:00,2025-11-17 10:58:01+00:00,67.73,,valid,
100,6,2025-11-17 10:57:24+00:00,2025-11-17 10:58:01+00:00,79.0,,valid,
101,1,2025-11-17 10:58:10+00:00,2025-11-17 10:59:06+00:00,128.22,SRVO-050,valid,
101,2,2025-11-17 10:58:10+00:00,2025-11-17 10:59:06+00:00,37.37,,valid,
101,3,2025-11-17 10:58:10+00:00,2025-11-17 10:59:06+00:00,52.29,,valid,
101,4,2025-11-17 10:58:10+00:00,2025-11-17 10:59:06+00:00,79.34,,valid,
101,5,2025-11-17 10:58:10+00:00,2025-11-17 10:59:06+00:00,61.03,,valid,
101,6,2025-11-17 10:58:10+00:00,2025-11-17 10:59:06+00:00,44.69,,valid,
102,1,2025-11-17 10:59:11+00:00,2025-11-17 11:00:19+00:00,55.14,,valid,
102,2,2025-11-17 10:59:11+00:00,2025-11-17 11:00:19+00:00,37.33,,valid,
102,3,2025-11-17 10:59:11+00:00,2025-11-17 11:00:19+00:00,51.35,,valid,
102,4,2025-11-17 10:59:11+00:00,2025-11-17 11:00:19+00:00,59.83,,valid,
102,5,2025-11-17 10:59:11+00:00,2025-11-17 11:00:19+00:00,113.72,SRVO-160,valid,
102,6,2025-11-17 10:59:11+00:00,2025-11-17 11:00:19+00:00,70.06,,valid,
103,1,2025-11-17 11:00:24+00:00,2025-11-17 11:01:39+00:00,50.4,,valid,
103,2,2025-11-17 11:00:24+00:00,2025-11-17 11:01:39+00:00,40.77,,valid,
103,3,2025-11-17 11:00:24+00:00,2025-11-17 11:01:39+00:00,64.61,,valid,
103,4,2025-11-17 11:00:24+00:00,2025-11-17 11:01:39+00:00,55.76,,valid,
103,5,2025-11-17 11:00:24+00:00,2025-11-17 11:01:39+00:00,65.49,,valid,
103,6,2025-11-17 11:00:24+00:00,2025-11-17 11:01:39+00:00,77.94,,valid,
104,1,2025-11-17 11:01:57+00:00,2025-11-17 11:03:16+00:00,42.27,,valid,
104,2,2025-11-17 11:01:57+00:00,2025-11-17 11:03:16+00:00,54.42,,valid,
104,3,2025-11-17 11:01:57+00:00,2025-11-17 11:03:16+00:00,44.86,,valid,
104,4,2025-11-17 11:01:57+00:00,2025-11-17 11:03:16+00:00,71.31,,valid,
104,5,2025-11-17 11:01:57+00:00,2025-11-17 11:03:16+00:00,87.65,,valid,
104,6,2025-11-17 11:01:57+00:00,2025-11-17 11:03:16+00:00,102.92,,valid,
105,1,2025-11-17 11:03:35+00:00,2025-11-17 11:04:10+00:00,50.91,,valid,
105,2,2025-11-17 11:03:35+00:00,2025-11-17 11:04:10+00:00,62.88,,valid,
105,3,2025-11-17 11:03:35+00:00,2025-11-17 11:04:10+00:00,42.19,,valid,
105,4,2025-11-17 11:03:35+00:00,2025-11-17 11:04:10+00:00,80.03,,valid,
105,5,2025-11-17 11:03:35+00:00,2025-11-17 11:04:10+00:00,77.76,,valid,
105,6,2025-11-17 11:03:35+00:00,2025-11-17 11:04:10+00:00,70.16,,valid,
106,1,2025-11-17 11:04:22+00:00,2025-11-17 11:05:01+00:00,62.37,,valid,
106,2,2025-11-17 11:04:22+00:00,2025-11-17 11:05:01+00:00,52.46,,valid,
106,3,2025-11-17 11:04:22+00:00,2025-11-17 11:05:01+00:00,119.54,,valid,
106,4,2025-11-17 11:04:22+00:00,2025-11-17 11:05:01+00:00,69.75,,valid,
106,5,2025-11-17 11:04:22+00:00,2025-11-17 11:05:01+00:00,59.78,,valid,
106,6,2025-11-17 11:04:22+00:00,2025-11-17 11:05:01+00:00,64.43,,valid,
107,1,2025-11-17 11:05:11+00:00,2025-11-17 11:06:37+00:00,60.47,,valid,
107,2,2025-11-17 11:05:11+00:00,2025-11-17 11:06:37+00:00,45.54,,valid,
107,3,2025-11-17 11:05:11+00:00,2025-11-17 11:06:37+00:00,51.79,,valid,
107,4,2025-11-17 11:05:11+00:00,2025-11-17 11:06:37+00:00,70.38,,valid,
107,5,2025-11-17 11:05:11+00:00,2025-11-17 11:06:37+00:00,67.48,,valid,
107,6,2025-11-17 11:05:11+00:00,2025-11-17 11:06:37+00:00,71.2,,valid,
108,1,2025-11-17 11:06:55+00:00,2025-11-17 11:07:50+00:00,45.33,,valid,
108,2,2025-11-17 11:06:55+00:00,2025-11-17 11:07:50+00:00,31.74,,valid,
108,3,2025-11-17 11:06:55+00:00,2025-11-17 11:07:50+00:00,106.15,SRVO-050,valid,
108,4,2025-11-17 11:06:55+00:00,2025-11-17 11:07:50+00:00,76.82,,valid,
108,5,2025-11-17 11:06:55+00:00,2025-11-17 11:07:50+00:00,91.11,,valid,
108,6,2025-11-17 11:06:55+00:00,2025-11-17 11:07:50+00:00,66.39,,valid,
109,1,2025-11-17 11:07:55+00:00,2025-11-17 11:09:06+00:00,46.77,,valid,
109,2,2025-11-17 11:07:55+00:00,2025-11-17 11:09:06+00:00,51.33,,valid,
109,3,2025-11-17 11:07:55+00:00,2025-11-17 11:09:06+00:00,55.79,,valid,
109,4,2025-11-17 11:07:55+00:00,2025-11-17 11:09:06+00:00,71.21,,valid,
109,5,2025-11-17 11:07:55+00:00,2025-11-17 11:09:06+00:00,79.48,,valid,
109,6,2025-11-17 11:07:55+00:00,2025-11-17 11:09:06+00:00,71.94,,valid,
110,1,2025-11-17 11:09:18+00:00,2025-11-17 11:10:08+00:00,37.64,,valid,
110,2,2025-11-17 11:09:18+00:00,2025-11-17 11:10:08+00:00,67.74,,valid,
110,3,2025-11-17 11:09:18+00:00,2025-11-17 11:10:08+00:00,59.05,,valid,
110,4,2025-11-17 11:09:18+00:00,2025-11-17 11:10:08+00:00,82.3,,valid,
110,5,2025-11-17 11:09:18+00:00,2025-11-17 11:10:08+00:00,47.54,,valid,
110,6,2025-11-17 11:09:18+00:00,2025-11-17 11:10:08+00:00,76.95,,valid,
111,1,2025-11-17 11:10:13+00:00,2025-11-17 11:11:36+00:00,69.19,,valid,
111,2,2025-11-17 11:10:13+00:00,2025-11-17 11:11:36+00:00,51.47,,valid,
111,3,2025-11-17 11:10:13+00:00,2025-11-17 11:11:36+00:00,127.14,SRVO-050,valid,
111,4,2025-11-17 11:10:13+00:00,2025-11-17 11:11:36+00:00,67.96,,valid,
111,5,2025-11-17 11:10:13+00:00,2025-11-17 11:11:36+00:00,66.4,,valid,
111,6,2025-11-17 11:10:13+00:00,2025-11-17 11:11:36+00:00,81.23,,valid,
112,1,2025-11-17 11:11:54+00:00,2025-11-17 11:12:45+00:00,123.15,,valid,
112,2,2025-11-17 11:11:54+00:00,2025-11-17 11:12:45+00:00,39.88,,valid,
112,3,2025-11-17 11:11:54+00:00,2025-11-17 11:12:45+00:00,62.51,,valid,
112,4,2025-11-17 11:11:54+00:00,2025-11-17 11:12:45+00:00,73.09,,valid,
112,5,2025-11-17 11:11:54+00:00,2025-11-17 11:12:45+00:00,67.36,,valid,
112,6,2025-11-17 11:11:54+00:00,2025-11-17 11:12:45+00:00,67.26,,valid,
113,1,2025-11-17 11:12:52+00:00,2025-11-17 11:14:12+00:00,43.97,,valid,
113,2,2025-11-17 11:12:52+00:00,2025-11-17 11:14:12+00:00,55.02,,valid,
113,3,2025-11-17 11:12:52+00:00,2025-11-17 11:14:12+00:00,49.41,,valid,
113,4,2025-11-17 11:12:52+00:00,2025-11-17 11:14:12+00:00,60.0,,valid,
113,5,2025-11-17 11:12:52+00:00,2025-11-17 11:14:12+00:00,64.84,,valid,
113,6,2025-11-17 11:12:52+00:00,2025-11-17 11:14:12+00:00,96.25,,valid,
114,1,2025-11-17 11:14:30+00:00,2025-11-17 11:15:06+00:00,22.26,,valid,
114,2,2025-11-17 11:14:30+00:00,2025-11-17 11:15:06+00:00,53.2,,valid,
114,3,2025-11-17 11:14:30+00:00,2025-11-17 11:15:06+00:00,77.26,,valid,
114,4,2025-11-17 11:14:30+00:00,2025-11-17 11:15:06+00:00,66.22,,valid,
114,5,2025-11-17 11:14:30+00:00,2025-11-17 11:15:06+00:00,77.53,,valid,
114,6,2025-11-17 11:14:30+00:00,2025-11-17 11:15:06+00:00,76.0,,valid,
115,1,2025-11-17 11:15:14+00:00,2025-11-17 11:16:00+00:00,43.33,,valid,
115,2,2025-11-17 11:15:14+00:00,2025-11-17 11:16:00+00:00,32.58,,valid,
115,3,2025-11-17 11:15:14+00:00,2025-11-17 11:16:00+00:00,62.05,,valid,
115,4,2025-11-17 11:15:14+00:00,2025-11-17 11:16:00+00:00,57.24,,valid,
115,5,2025-11-17 11:15:14+00:00,2025-11-17 11:16:00+00:00,62.0,,valid,
115,6,2025-11-17 11:15:14+00:00,2025-11-17 11:16:00+00:00,70.01,,valid,
116,1,2025-11-17 11:16:13+00:00,2025-11-17 11:17:23+00:00,67.45,,valid,
116,2,2025-11-17 11:16:13+00:00,2025-11-17 11:17:23+00:00,79.05,,valid,
116,3,2025-11-17 11:16:13+00:00,2025-11-17 11:17:23+00:00,62.17,,valid,
116,4,2025-11-17 11:16:13+00:00,2025-11-17 11:17:23+00:00,60.35,,valid,
116,5,2025-11-17 11:16:13+00:00,2025-11-17 11:17:23+00:00,58.23,,valid,
116,6,2025-11-17 11:16:13+00:00,2025-11-17 11:17:23+00:00,111.43,,valid,
117,1,2025-11-17 11:17:40+00:00,2025-11-17 11:19:08+00:00,52.38,,valid,
117,2,2025-11-17 11:17:40+00:00,2025-11-17 11:19:08+00:00,108.84,SRVO-050,valid,
117,3,2025-11-17 11:17:40+00:00,2025-11-17 11:19:08+00:00,69.85,,valid,
117,4,2025-11-17 11:17:40+00:00,2025-11-17 11:19:08+00:00,127.87,,valid,
117,5,2025-11-17 11:17:40+00:00,2025-11-17 11:19:08+00:00,64.55,,valid,
117,6,2025-11-17 11:17:40+00:00,2025-11-17 11:19:08+00:00,77.2,,valid,
118,1,2025-11-17 11:19:13+00:00,2025-11-17 11:19:46+00:00,59.78,,valid,
118,2,2025-11-17 11:19:13+00:00,2025-11-17 11:19:46+00:00,54.02,,valid,
118,3,2025-11-17 11:19:13+00:00,2025-11-17 11:19:46+00:00,124.56,SRVO-324,valid,
118,4,2025-11-17 11:19:13+00:00,2025-11-17 11:19:46+00:00,70.89,,valid,
118,5,2025-11-17 11:19:13+00:00,2025-11-17 11:19:46+00:00,55.15,,valid,
118,6,2025-11-17 11:19:13+00:00,2025-11-17 11:19:46+00:00,54.51,,valid,
119,1,2025-11-17 11:19:56+00:00,2025-11-17 11:21:21+00:00,62.61,,valid,
119,2,2025-11-17 11:19:56+00:00,2025-11-17 11:21:21+00:00,61.17,,valid,
119,3,2025-11-17 11:19:56+00:00,2025-11-17 11:21:21+00:00,60.88,,valid,
119,4,2025-11-17 11:19:56+00:00,2025-11-17 11:21:21+00:00,60.6,,valid,
119,5,2025-11-17 11:19:56+00:00,2025-11-17 11:21:21+00:00,64.71,,valid,
119,6,2025-11-17 11:19:56+00:00,2025-11-17 11:21:21+00:00,64.24,,valid,
120,1,2025-11-17 11:21:37+00:00,2025-11-17 11:22:21+00:00,45.69,,valid,
120,2,2025-11-17 11:21:37+00:00,2025-11-17 11:22:21+00:00,33.8,,valid,
120,3,2025-11-17 11:21:37+00:00,2025-11-17 11:22:21+00:00,52.64,,valid,
120,4,2025-11-17 11:21:37+00:00,2025-11-17 11:22:21+00:00,61.89,,valid,
120,5,2025-11-17 11:21:37+00:00,2025-11-17 11:22:21+00:00,76.1,,valid,
120,6,2025-11-17 11:21:37+00:00,2025-11-17 11:22:21+00:00,74.6,,valid,
121,1,2025-11-17 11:22:27+00:00,2025-11-17 11:23:42+00:00,57.95,,valid,
121,2,2025-11-17 11:22:27+00:00,2025-11-17 11:23:42+00:00,68.49,,valid,
121,3,2025-11-17 11:22:27+00:00,2025-11-17 11:23:42+00:00,70.58,,valid,
121,4,2025-11-17 11:22:27+00:00,2025-11-17 11:23:42+00:00,69.71,,valid,
121,5,2025-11-17 11:22:27+00:00,2025-11-17 11:23:42+00:00,70.12,,valid,
121,6,2025-11-17 11:22:27+00:00,2025-11-17 11:23:42+00:00,65.19,,valid,
122,1,2025-11-17 11:23:51+00:00,2025-11-17 11:24:43+00:00,124.15,,valid,
122,2,2025-11-17 11:23:51+00:00,2025-11-17 11:24:43+00:00,71.8,,valid,
122,3,2025-11-17 11:23:51+00:00,2025-11-17 11:24:43+00:00,62.08,,valid,
122,4,2025-11-17 11:23:51+00:00,2025-11-17 11:24:43+00:00,60.33,,valid,
122,5,2025-11-17 11:23:51+00:00,2025-11-17 11:24:43+00:00,47.37,,valid,
122,6,2025-11-17 11:23:51+00:00,2025-11-17 11:24:43+00:00,106.91,SRVO-160,valid,
123,1,2025-11-17 11:24:50+00:00,2025-11-17 11:26:09+00:00,58.55,,valid,
123,2,2025-11-17 11:24:50+00:00,2025-11-17 11:26:09+00:00,112.37,,valid,
123,3,2025-11-17 11:24:50+00:00,2025-11-17 11:26:09+00:00,56.41,,valid,
123,4,2025-11-17 11:24:50+00:00,2025-11-17 11:26:09+00:00,76.93,,valid,
123,5,2025-11-17 11:24:50+00:00,2025-11-17 11:26:09+00:00,68.6,,valid,
123,6,2025-11-17 11:24:50+00:00,2025-11-17 11:26:09+00:00,69.75,,valid,
124,1,2025-11-17 11:26:16+00:00,2025-11-17 11:27:45+00:00,62.5,,valid,
124,2,2025-11-17 11:26:16+00:00,2025-11-17 11:27:45+00:00,45.66,,valid,
124,3,2025-11-17 11:26:16+00:00,2025-11-17 11:27:45+00:00,52.75,,valid,
124,4,2025-11-17 11:26:16+00:00,2025-11-17 11:27:45+00:00,56.04,,valid,
124,5,2025-11-17 11:26:16+00:00,2025-11-17 11:27:45+00:00,58.57,,valid,
124,6,2025-11-17 11:26:16+00:00,2025-11-17 11:27:45+00:00,76.53,,valid,
125,1,2025-11-17 11:28:02+00:00,2025-11-17 11:28:38+00:00,44.87,,valid,
125,2,2025-11-17 11:28:02+00:00,2025-11-17 11:28:38+00:00,59.89,,valid,
125,3,2025-11-17 11:28:02+00:00,2025-11-17 11:28:38+00:00,42.65,,valid,
125,4,2025-11-17 11:28:02+00:00,2025-11-17 11:28:38+00:00,53.77,,valid,
125,5,2025-11-17 11:28:02+00:00,2025-11-17 11:28:38+00:00,70.52,,valid,
125,6,2025-11-17 11:28:02+00:00,2025-11-17 11:28:38+00:00,89.7,,valid,
126,1,2025-11-17 11:28:46+00:00,2025-11-17 11:29:21+00:00,53.79,,valid,
126,2,2025-11-17 11:28:46+00:00,2025-11-17 11:29:21+00:00,108.89,SRVO-050,valid,
126,3,2025-11-17 11:28:46+00:00,2025-11-17 11:29:21+00:00,52.65,,valid,
126,4,2025-11-17 11:28:46+00:00,2025-11-17 11:29:21+00:00,51.01,,valid,
126,5,2025-11-17 11:28:46+00:00,2025-11-17 11:29:21+00:00,48.47,,valid,
126,6,2025-11-17 11:28:46+00:00,2025-11-17 11:29:21+00:00,74.69,,valid,
127,1,2025-11-17 11:29:41+00:00,2025-11-17 11:30:45+00:00,44.38,,valid,
127,2,2025-11-17 11:29:41+00:00,2025-11-17 11:30:45+00:00,40.71,,valid,
127,3,2025-11-17 11:29:41+00:00,2025-11-17 11:30:45+00:00,71.89,,valid,
127,4,2025-11-17 11:29:41+00:00,2025-11-17 11:30:45+00:00,71.67,,valid,
127,5,2025-11-17 11:29:41+00:00,2025-11-17 11:30:45+00:00,102.19,,valid,
127,6,2025-11-17 11:29:41+00:00,2025-11-17 11:30:45+00:00,88.64,,valid,
128,1,2025-11-17 11:30:51+00:00,2025-11-17 11:32:07+00:00,58.9,,valid,
128,2,2025-11-17 11:30:51+00:00,2025-11-17 11:32:07+00:00,65.57,,valid,
128,3,2025-11-17 11:30:51+00:00,2025-11-17 11:32:07+00:00,63.71,,valid,
128,4,2025-11-17 11:30:51+00:00,2025-11-17 11:32:07+00:00,62.67,,valid,
128,5,2025-11-17 11:30:51+00:00,2025-11-17 11:32:07+00:00,74.21,,valid,
128,6,2025-11-17 11:30:51+00:00,2025-11-17 11:32:07+00:00,83.08,,valid,
129,1,2025-11-17 11:32:15+00:00,2025-11-17 11:33:12+00:00,51.16,,valid,
129,2,2025-11-17 11:32:15+00:00,2025-11-17 11:33:12+00:00,57.29,,valid,
129,3,2025-11-17 11:32:15+00:00,2025-11-17 11:33:12+00:00,57.5,,valid,
129,4,2025-11-17 11:32:15+00:00,2025-11-17 11:33:12+00:00,51.63,,valid,
129,5,2025-11-17 11:32:15+00:00,2025-11-17 11:33:12+00:00,68.26,,valid,
129,6,2025-11-17 11:32:15+00:00,2025-11-17 11:33:12+00:00,68.23,,valid,
130,1,2025-11-17 11:33:32+00:00,2025-11-17 11:34:36+00:00,43.26,,valid,
130,2,2025-11-17 11:33:32+00:00,2025-11-17 11:34:36+00:00,69.34,,valid,
130,3,2025-11-17 11:33:32+00:00,2025-11-17 11:34:36+00:00,69.52,,valid,
130,4,2025-11-17 11:33:32+00:00,2025-11-17 11:34:36+00:00,48.07,,valid,
130,5,2025-11-17 11:33:32+00:00,2025-11-17 11:34:36+00:00,59.15,,valid,
130,6,2025-11-17 11:33:32+00:00,2025-11-17 11:34:36+00:00,71.36,,valid,
131,1,2025-11-17 11:34:46+00:00,2025-11-17 11:35:20+00:00,118.27,SRVO-324,valid,
131,2,2025-11-17 11:34:46+00:00,2025-11-17 11:35:20+00:00,58.17,,valid,
131,3,2025-11-17 11:34:46+00:00,2025-11-17 11:35:20+00:00,51.02,,valid,
131,4,2025-11-17 11:34:46+00:00,2025-11-17 11:35:20+00:00,58.63,,valid,
131,5,2025-11-17 11:34:46+00:00,2025-11-17 11:35:20+00:00,66.25,,valid,
131,6,2025-11-17 11:34:46+00:00,2025-11-17 11:35:20+00:00,74.51,,valid,
132,1,2025-11-17 11:35:31+00:00,2025-11-17 11:36:17+00:00,52.35,,valid,
132,2,2025-11-17 11:35:31+00:00,2025-11-17 11:36:17+00:00,18.12,,valid,
132,3,2025-11-17 11:35:31+00:00,2025-11-17 11:36:17+00:00,51.92,,valid,
132,4,2025-11-17 11:35:31+00:00,2025-11-17 11:36:17+00:00,61.08,,valid,
132,5,2025-11-17 11:35:31+00:00,2025-11-17 11:36:17+00:00,85.05,,valid,
132,6,2025-11-17 11:35:31+00:00,2025-11-17 11:36:17+00:00,64.2,,valid,
133,1,2025-11-17 11:36:36+00:00,2025-11-17 11:37:20+00:00,51.63,,valid,
133,2,2025-11-17 11:36:36+00:00,2025-11-17 11:37:20+00:00,69.95,,valid,
133,3,2025-11-17 11:36:36+00:00,2025-11-17 11:37:20+00:00,46.87,,valid,
133,4,2025-11-17 11:36:36+00:00,2025-11-17 11:37:20+00:00,68.94,,valid,
133,5,2025-11-17 11:36:36+00:00,2025-11-17 11:37:20+00:00,61.98,,valid,
133,6,2025-11-17 11:36:36+00:00,2025-11-17 11:37:20+00:00,69.95,,valid,
134,1,2025-11-17 11:37:30+00:00,2025-11-17 11:38:34+00:00,41.97,,valid,
134,2,2025-11-17 11:37:30+00:00,2025-11-17 11:38:34+00:00,47.68,,valid,
134,3,2025-11-17 11:37:30+00:00,2025-11-17 11:38:34+00:00,128.07,SRVO-050,valid,
134,4,2025-11-17 11:37:30+00:00,2025-11-17 11:38:34+00:00,73.44,,valid,
134,5,2025-11-17 11:37:30+00:00,2025-11-17 11:38:34+00:00,123.6,,valid,
134,6,2025-11-17 11:37:30+00:00,2025-11-17 11:38:34+00:00,63.56,,valid,
135,1,2025-11-17 11:38:52+00:00,2025-11-17 11:39:47+00:00,33.94,,valid,
135,2,2025-11-17 11:38:52+00:00,2025-11-17 11:39:47+00:00,58.95,,valid,
135,3,2025-11-17 11:38:52+00:00,2025-11-17 11:39:47+00:00,70.73,,valid,
135,4,2025-11-17 11:38:52+00:00,2025-11-17 11:39:47+00:00,56.47,,valid,
135,5,2025-11-17 11:38:52+00:00,2025-11-17 11:39:47+00:00,79.65,,valid,
135,6,2025-11-17 11:38:52+00:00,2025-11-17 11:39:47+00:00,82.04,,valid,
136,1,2025-11-17 11:39:59+00:00,2025-11-17 11:41:26+00:00,68.52,,valid,
136,2,2025-11-17 11:39:59+00:00,2025-11-17 11:41:26+00:00,50.82,,valid,
136,3,2025-11-17 11:39:59+00:00,2025-11-17 11:41:26+00:00,49.02,,valid,
136,4,2025-11-17 11:39:59+00:00,2025-11-17 11:41:26+00:00,61.38,,valid,
136,5,2025-11-17 11:39:59+00:00,2025-11-17 11:41:26+00:00,84.36,,valid,
136,6,2025-11-17 11:39:59+00:00,2025-11-17 11:41:26+00:00,128.18,SRVO-324,valid,
137,1,2025-11-17 11:41:36+00:00,2025-11-17 11:42:20+00:00,50.13,,valid,
137,2,2025-11-17 11:41:36+00:00,2025-11-17 11:42:20+00:00,47.31,,valid,
137,3,2025-11-17 11:41:36+00:00,2025-11-17 11:42:20+00:00,61.0,,valid,
137,4,2025-11-17 11:41:36+00:00,2025-11-17 11:42:20+00:00,44.32,,valid,
137,5,2025-11-17 11:41:36+00:00,2025-11-17 11:42:20+00:00,72.19,,valid,
137,6,2025-11-17 11:41:36+00:00,2025-11-17 11:42:20+00:00,87.97,,valid,
138,1,2025-11-17 11:42:25+00:00,2025-11-17 11:43:44+00:00,32.35,,valid,
138,2,2025-11-17 11:42:25+00:00,2025-11-17 11:43:44+00:00,50.93,,valid,
138,3,2025-11-17 11:42:25+00:00,2025-11-17 11:43:44+00:00,51.25,,valid,
138,4,2025-11-17 11:42:25+00:00,2025-11-17 11:43:44+00:00,49.89,,valid,
138,5,2025-11-17 11:42:25+00:00,2025-11-17 11:43:44+00:00,49.47,,valid,
138,6,2025-11-17 11:42:25+00:00,2025-11-17 11:43:44+00:00,63.19,,valid,
139,1,2025-11-17 11:43:51+00:00,2025-11-17 11:44:54+00:00,47.58,,valid,
139,2,2025-11-17 11:43:51+00:00,2025-11-17 11:44:54+00:00,66.49,,valid,
139,3,2025-11-17 11:43:51+00:00,2025-11-17 11:44:54+00:00,121.02,,valid,
139,4,2025-11-17 11:43:51+00:00,2025-11-17 11:44:54+00:00,67.94,,valid,
139,5,2025-11-17 11:43:51+00:00,2025-11-17 11:44:54+00:00,83.72,,valid,
139,6,2025-11-17 11:43:51+00:00,2025-11-17 11:44:54+00:00,76.42,,valid,
140,1,2025-11-17 11:45:00+00:00,2025-11-17 11:46:05+00:00,43.27,,valid,
140,2,2025-11-17 11:45:00+00:00,2025-11-17 11:46:05+00:00,61.63,,valid,
140,3,2025-11-17 11:45:00+00:00,2025-11-17 11:46:05+00:00,68.93,,valid,
140,4,2025-11-17 11:45:00+00:00,2025-11-17 11:46:05+00:00,71.42,,valid,
140,5,2025-11-17 11:45:00+00:00,2025-11-17 11:46:05+00:00,59.7,,valid,
140,6,2025-11-17 11:45:00+00:00,2025-11-17 11:46:05+00:00,70.16,,valid,
141,1,2025-11-17 11:46:10+00:00,2025-11-17 11:47:40+00:00,49.96,,valid,
141,2,2025-11-17 11:46:10+00:00,2025-11-17 11:47:40+00:00,54.59,,valid,
141,3,2025-11-17 11:46:10+00:00,2025-11-17 11:47:40+00:00,101.58,SRVO-324,valid,
141,4,2025-11-17 11:46:10+00:00,2025-11-17 11:47:40+00:00,44.85,,valid,
141,5,2025-11-17 11:46:10+00:00,2025-11-17 11:47:40+00:00,65.78,,valid,
141,6,2025-11-17 11:46:10+00:00,2025-11-17 11:47:40+00:00,81.26,,valid,
142,1,2025-11-17 11:47:58+00:00,2025-11-17 11:49:14+00:00,48.91,,valid,
142,2,2025-11-17 11:47:58+00:00,2025-11-17 11:49:14+00:00,39.54,,valid,
142,3,2025-11-17 11:47:58+00:00,2025-11-17 11:49:14+00:00,45.0,,valid,
142,4,2025-11-17 11:47:58+00:00,2025-11-17 11:49:14+00:00,64.94,,valid,
142,5,2025-11-17 11:47:58+00:00,2025-11-17 11:49:14+00:00,62.29,,valid,
142,6,2025-11-17 11:47:58+00:00,2025-11-17 11:49:14+00:00,69.67,,valid,
143,1,2025-11-17 11:49:29+00:00,2025-11-17 11:50:53+00:00,59.38,,valid,
143,2,2025-11-17 11:49:29+00:00,2025-11-17 11:50:53+00:00,62.59,,valid,
143,3,2025-11-17 11:49:29+00:00,2025-11-17 11:50:53+00:00,77.98,,valid,
143,4,2025-11-17 11:49:29+00:00,2025-11-17 11:50:53+00:00,61.84,,valid,
143,5,2025-11-17 11:49:29+00:00,2025-11-17 11:50:53+00:00,63.59,,valid,
143,6,2025-11-17 11:49:29+00:00,2025-11-17 11:50:53+00:00,79.18,,valid,
144,1,2025-11-17 11:51:12+00:00,2025-11-17 11:52:33+00:00,44.39,,valid,
144,2,2025-11-17 11:51:12+00:00,2025-11-17 11:52:33+00:00,99.4,,valid,
144,3,2025-11-17 11:51:12+00:00,2025-11-17 11:52:33+00:00,64.1,,valid,
144,4,2025-11-17 11:51:12+00:00,2025-11-17 11:52:33+00:00,59.03,,valid,
144,5,2025-11-17 11:51:12+00:00,2025-11-17 11:52:33+00:00,84.93,,valid,
144,6,2025-11-17 11:51:12+00:00,2025-11-17 11:52:33+00:00,73.4,,valid,
145,1,2025-11-17 11:52:52+00:00,2025-11-17 11:53:46+00:00,56.18,,valid,
145,2,2025-11-17 11:52:52+00:00,2025-11-17 11:53:46+00:00,69.56,,valid,
145,3,2025-11-17 11:52:52+00:00,2025-11-17 11:53:46+00:00,70.32,,valid,
145,4,2025-11-17 11:52:52+00:00,2025-11-17 11:53:46+00:00,50.91,,valid,
145,5,2025-11-17 11:52:52+00:00,2025-11-17 11:53:46+00:00,74.45,,valid,
145,6,2025-11-17 11:52:52+00:00,2025-11-17 11:53:46+00:00,83.51,,valid,
146,1,2025-11-17 11:54:03+00:00,2025-11-17 11:55:22+00:00,122.74,,valid,
146,2,2025-11-17 11:54:03+00:00,2025-11-17 11:55:22+00:00,43.87,,valid,
146,3,2025-11-17 11:54:03+00:00,2025-11-17 11:55:22+00:00,58.05,,valid,
146,4,2025-11-17 11:54:03+00:00,2025-11-17 11:55:22+00:00,70.46,,valid,
146,5,2025-11-17 11:54:03+00:00,2025-11-17 11:55:22+00:00,69.8,,valid,
146,6,2025-11-17 11:54:03+00:00,2025-11-17 11:55:22+00:00,65.22,,valid,
147,1,2025-11-17 11:55:40+00:00,2025-11-17 11:56:42+00:00,42.7,,valid,
147,2,2025-11-17 11:55:40+00:00,2025-11-17 11:56:42+00:00,62.04,,valid,
147,3,2025-11-17 11:55:40+00:00,2025-11-17 11:56:42+00:00,50.94,,valid,
147,4,2025-11-17 11:55:40+00:00,2025-11-17 11:56:42+00:00,56.88,,valid,
147,5,2025-11-17 11:55:40+00:00,2025-11-17 11:56:42+00:00,77.53,,valid,
147,6,2025-11-17 11:55:40+00:00,2025-11-17 11:56:42+00:00,76.34,,valid,
148,1,2025-11-17 11:56:48+00:00,2025-11-17 11:58:08+00:00,55.77,,valid,
148,2,2025-11-17 11:56:48+00:00,2025-11-17 11:58:08+00:00,42.71,,valid,
148,3,2025-11-17 11:56:48+00:00,2025-11-17 11:58:08+00:00,65.49,,valid,
148,4,2025-11-17 11:56:48+00:00,2025-11-17 11:58:08+00:00,58.4,,valid,
148,5,2025-11-17 11:56:48+00:00,2025-11-17 11:58:08+00:00,59.83,,valid,
148,6,2025-11-17 11:56:48+00:00,2025-11-17 11:58:08+00:00,69.95,,valid,
149,1,2025-11-17 11:58:20+00:00,2025-11-17 11:59:13+00:00,111.27,SRVO-324,valid,
149,2,2025-11-17 11:58:20+00:00,2025-11-17 11:59:13+00:00,51.36,,valid,
149,3,2025-11-17 11:58:20+00:00,2025-11-17 11:59:13+00:00,61.65,,valid,
149,4,2025-11-17 11:58:20+00:00,2025-11-17 11:59:13+00:00,65.13,,valid,
149,5,2025-11-17 11:58:20+00:00,2025-11-17 11:59:13+00:00,86.37,,valid,
149,6,2025-11-17 11:58:20+00:00,2025-11-17 11:59:13+00:00,60.69,,valid,
150,1,2025-11-17 11:59:28+00:00,2025-11-17 12:00:41+00:00,37.14,,valid,
150,2,2025-11-17 11:59:28+00:00,2025-11-17 12:00:41+00:00,119.35,SRVO-324,valid,
150,3,2025-11-17 11:59:28+00:00,2025-11-17 12:00:41+00:00,60.69,,valid,
150,4,2025-11-17 11:59:28+00:00,2025-11-17 12:00:41+00:00,72.12,,valid,
150,5,2025-11-17 11:59:28+00:00,2025-11-17 12:00:41+00:00,67.71,,valid,
150,6,2025-11-17 11:59:28+00:00,2025-11-17 12:00:41+00:00,76.5,,valid,
